Report_Type,Date_or_Range,Year,Month,Day_of_Week,Daily_Sales_Price_Per_Unit,Sales_Per_Unit_Q1,Monthly_Avg_Unit_Sales_Price,Daily_Revenue,Daily_Gross_Profit,Daily_Gross_Profit_Percentage,Daily_Cost_Per_Unit,Gross_Profit_Per_Unit,Final_PED,Performance_Conclusion,Total_Cost_of_Sales,Total_Sales,Total_Quantity_Sold
PED Summary,2014-08-26 to 2014-09-08,-,-,-,-,-,-,-,-,-,-,-,-10.57,WORSE/SAME,-,-,-
PED Summary,2015-09-25 to 2015-10-06,-,-,-,-,-,-,-,-,-,-,-,-6.24,WORSE/SAME,-,-,-
PED Summary,2016-06-21 to 2016-07-02,-,-,-,-,-,-,-,-,-,-,-,-6.42,WORSE/SAME,-,-,-
Grand Totals,All Dates,-,-,-,-,-,-,-,-,-,-,-,-,-,194026108,186909825,5279872
Daily Detail,12/30/2013,2013,12,Mon,32.8,33,32.57,223938,-6142,-2.74,33.7,-0.9,-,-,-,-,-
Daily Detail,12/31/2013,2013,12,Tue,32.41,32,32.57,300345,-6641,-2.21,33.12,-0.72,-,-,-,-,-
Daily Detail,1/1/2014,2014,1,Wed,32.41,32,33.41,86782,-1204,-1.39,32.86,-0.45,-,-,-,-,-
Daily Detail,1/2/2014,2014,1,Thu,32.42,32,33.41,200173,-2708,-1.35,32.86,-0.44,-,-,-,-,-
Daily Detail,1/3/2014,2014,1,Fri,32.42,32,33.41,326906,-6900,-2.11,33.1,-0.68,-,-,-,-,-
Daily Detail,1/4/2014,2014,1,Sat,32.42,32,33.41,307044,-6608,-2.15,33.12,-0.7,-,-,-,-,-
Daily Detail,1/5/2014,2014,1,Sun,32.44,32,33.41,179189,-3894,-2.17,33.14,-0.7,-,-,-,-,-
Daily Detail,1/6/2014,2014,1,Mon,32.43,32,33.41,306352,-7094,-2.32,33.18,-0.75,-,-,-,-,-
Daily Detail,1/7/2014,2014,1,Tue,32.41,32,33.41,224020,-5514,-2.46,33.21,-0.8,-,-,-,-,-
Daily Detail,1/8/2014,2014,1,Wed,34.06,34,33.41,101836,2454,2.41,33.24,0.82,-,-,-,-,-
Daily Detail,1/9/2014,2014,1,Thu,34.13,34,33.41,107804,2988,2.77,33.18,0.95,-,-,-,-,-
Daily Detail,1/10/2014,2014,1,Fri,34.11,34,33.41,144830,3496,2.41,33.29,0.82,-,-,-,-,-
Daily Detail,1/11/2014,2014,1,Sat,34.11,34,33.41,146571,3391,2.31,33.32,0.79,-,-,-,-,-
Daily Detail,1/12/2014,2014,1,Sun,34.13,34,33.41,95422,2296,2.41,33.31,0.82,-,-,-,-,-
Daily Detail,1/13/2014,2014,1,Mon,34.1,34,33.41,114883,2697,2.35,33.3,0.8,-,-,-,-,-
Daily Detail,1/14/2014,2014,1,Tue,34.11,34,33.41,80091,1994,2.49,33.26,0.85,-,-,-,-,-
Daily Detail,1/15/2014,2014,1,Wed,34.08,34,33.41,98945,1786,1.81,33.47,0.62,-,-,-,-,-
Daily Detail,1/16/2014,2014,1,Thu,34.08,34,33.41,84905,1555,1.83,33.46,0.62,-,-,-,-,-
Daily Detail,1/17/2014,2014,1,Fri,34.14,34,33.41,135461,2758,2.04,33.44,0.7,-,-,-,-,-
Daily Detail,1/18/2014,2014,1,Sat,34.13,34,33.41,149926,2998,2,33.45,0.68,-,-,-,-,-
Daily Detail,1/19/2014,2014,1,Sun,34.14,34,33.41,74297,1515,2.04,33.45,0.7,-,-,-,-,-
Daily Detail,1/20/2014,2014,1,Mon,34.12,34,33.41,83356,1567,1.88,33.48,0.64,-,-,-,-,-
Daily Detail,1/21/2014,2014,1,Tue,34.09,34,33.41,89922,1533,1.7,33.51,0.58,-,-,-,-,-
Daily Detail,1/22/2014,2014,1,Wed,33.92,34,33.41,57806,649,1.12,33.54,0.38,-,-,-,-,-
Daily Detail,1/23/2014,2014,1,Thu,34.18,34,33.41,63978,1114,1.74,33.58,0.6,-,-,-,-,-
Daily Detail,1/24/2014,2014,1,Fri,34.17,34,33.41,116959,2135,1.83,33.54,0.62,-,-,-,-,-
Daily Detail,1/25/2014,2014,1,Sat,34.17,34,33.41,155273,2637,1.7,33.59,0.58,-,-,-,-,-
Daily Detail,1/26/2014,2014,1,Sun,34.17,34,33.41,82885,1302,1.57,33.63,0.54,-,-,-,-,-
Daily Detail,1/27/2014,2014,1,Mon,34.18,34,33.41,72353,976,1.35,33.72,0.46,-,-,-,-,-
Daily Detail,1/28/2014,2014,1,Tue,34.16,34,33.41,50416,647,1.28,33.72,0.44,-,-,-,-,-
Daily Detail,1/29/2014,2014,1,Wed,34.17,34,33.41,67458,929,1.38,33.7,0.47,-,-,-,-,-
Daily Detail,1/30/2014,2014,1,Thu,34.16,34,33.41,64640,882,1.36,33.7,0.47,-,-,-,-,-
Daily Detail,1/31/2014,2014,1,Fri,34.17,34,33.41,137694,2084,1.51,33.65,0.52,-,-,-,-,-
Daily Detail,2/1/2014,2014,2,Sat,34.16,34,32.47,181209,2773,1.53,33.64,0.52,-,-,-,-,-
Daily Detail,2/2/2014,2014,2,Sun,34.17,34,32.47,113434,1967,1.73,33.57,0.59,-,-,-,-,-
Daily Detail,2/3/2014,2014,2,Mon,34.17,34,32.47,143193,2687,1.88,33.53,0.64,-,-,-,-,-
Daily Detail,2/4/2014,2014,2,Tue,34.16,34,32.47,130127,1631,1.25,33.73,0.43,-,-,-,-,-
Daily Detail,2/5/2014,2014,2,Wed,32.47,32,32.47,187156,-7923,-4.23,33.84,-1.37,-,-,-,-,-
Daily Detail,2/6/2014,2014,2,Thu,33.79,34,32.47,102315,337,0.33,33.68,0.11,-,-,-,-,-
Daily Detail,2/7/2014,2014,2,Fri,32.48,32,32.47,301554,-11975,-3.97,33.77,-1.29,-,-,-,-,-
Daily Detail,2/8/2014,2014,2,Sat,32.46,32,32.47,316073,-13682,-4.33,33.87,-1.41,-,-,-,-,-
Daily Detail,2/9/2014,2014,2,Sun,32.47,32,32.47,135178,-6353,-4.7,34,-1.53,-,-,-,-,-
Daily Detail,2/10/2014,2014,2,Mon,32.45,32,32.47,147728,-7101,-4.81,34.01,-1.56,-,-,-,-,-
Daily Detail,2/11/2014,2014,2,Tue,32.48,32,32.47,135499,-4325,-3.19,33.51,-1.04,-,-,-,-,-
Daily Detail,2/12/2014,2014,2,Wed,32.45,32,32.47,163433,-3460,-2.12,33.13,-0.69,-,-,-,-,-
Daily Detail,2/13/2014,2014,2,Thu,32.47,32,32.47,138292,-2735,-1.98,33.11,-0.64,-,-,-,-,-
Daily Detail,2/14/2014,2014,2,Fri,32.45,32,32.47,336901,-6619,-1.96,33.09,-0.64,-,-,-,-,-
Daily Detail,2/15/2014,2014,2,Sat,32.45,32,32.47,367729,-6245,-1.7,33,-0.55,-,-,-,-,-
Daily Detail,2/16/2014,2014,2,Sun,32.45,32,32.47,133914,-2883,-2.15,33.15,-0.7,-,-,-,-,-
Daily Detail,2/17/2014,2014,2,Mon,32.44,32,32.47,150800,-2087,-1.38,32.89,-0.45,-,-,-,-,-
Daily Detail,2/18/2014,2014,2,Tue,34.17,34,32.47,55592,2129,3.83,32.86,1.31,-,-,-,-,-
Daily Detail,2/19/2014,2014,2,Wed,32.44,32,32.47,106427,-1309,-1.23,32.84,-0.4,-,-,-,-,-
Daily Detail,2/20/2014,2014,2,Thu,34.17,34,32.47,78941,3007,3.81,32.87,1.3,-,-,-,-,-
Daily Detail,2/21/2014,2014,2,Fri,32.43,32,32.47,317916,-4174,-1.31,32.86,-0.43,-,-,-,-,-
Daily Detail,2/22/2014,2014,2,Sat,31.64,32,32.47,309218,-10899,-3.52,32.76,-1.12,-,-,-,-,-
Daily Detail,2/23/2014,2014,2,Sun,32.43,32,32.47,138492,-2261,-1.63,32.96,-0.53,-,-,-,-,-
Daily Detail,2/24/2014,2014,2,Mon,32.43,32,32.47,133146,-1359,-1.02,32.76,-0.33,-,-,-,-,-
Daily Detail,2/25/2014,2014,2,Tue,32.43,32,32.47,224995,-2551,-1.13,32.8,-0.37,-,-,-,-,-
Daily Detail,2/26/2014,2014,2,Wed,32.46,32,32.47,225052,-3162,-1.41,32.91,-0.46,-,-,-,-,-
Daily Detail,2/27/2014,2014,2,Thu,31.07,31,32.47,344300,-21636,-6.28,33.02,-1.95,-,-,-,-,-
Daily Detail,2/28/2014,2014,2,Fri,31.81,32,32.47,661877,-24780,-3.74,33,-1.19,-,-,-,-,-
Daily Detail,3/1/2014,2014,3,Sat,32.06,32,32.75,846678,-25404,-3,33.02,-0.96,-,-,-,-,-
Daily Detail,3/2/2014,2014,3,Sun,31.92,32,32.75,478902,-16652,-3.48,33.03,-1.11,-,-,-,-,-
Daily Detail,3/3/2014,2014,3,Mon,31.91,32,32.75,538827,-18740,-3.48,33.02,-1.11,-,-,-,-,-
Daily Detail,3/4/2014,2014,3,Tue,31.7,32,32.75,310346,-12979,-4.18,33.03,-1.33,-,-,-,-,-
Daily Detail,3/5/2014,2014,3,Wed,31.74,32,32.75,256391,-10918,-4.26,33.09,-1.35,-,-,-,-,-
Daily Detail,3/6/2014,2014,3,Thu,33.08,33,32.75,167804,-332,-0.2,33.15,-0.07,-,-,-,-,-
Daily Detail,3/7/2014,2014,3,Fri,31.98,32,32.75,465318,-18457,-3.97,33.25,-1.27,-,-,-,-,-
Daily Detail,3/8/2014,2014,3,Sat,31.99,32,32.75,520147,-21352,-4.1,33.3,-1.31,-,-,-,-,-
Daily Detail,3/9/2014,2014,3,Sun,32.04,32,32.75,224699,-8891,-3.96,33.3,-1.27,-,-,-,-,-
Daily Detail,3/10/2014,2014,3,Mon,32.05,32,32.75,286231,-11412,-3.99,33.32,-1.28,-,-,-,-,-
Daily Detail,3/11/2014,2014,3,Tue,32.62,33,32.75,187143,-4356,-2.33,33.38,-0.76,-,-,-,-,-
Daily Detail,3/12/2014,2014,3,Wed,32.48,32,32.75,191700,-5453,-2.84,33.4,-0.92,-,-,-,-,-
Daily Detail,3/13/2014,2014,3,Thu,32.57,33,32.75,164664,-4311,-2.62,33.42,-0.85,-,-,-,-,-
Daily Detail,3/14/2014,2014,3,Fri,32.54,33,32.75,395941,-10825,-2.73,33.43,-0.89,-,-,-,-,-
Daily Detail,3/15/2014,2014,3,Sat,32.45,32,32.75,518183,-16200,-3.13,33.46,-1.01,-,-,-,-,-
Daily Detail,3/16/2014,2014,3,Sun,32.52,33,32.75,226618,-6573,-2.9,33.47,-0.94,-,-,-,-,-
Daily Detail,3/17/2014,2014,3,Mon,32.52,33,32.75,243708,-7086,-2.91,33.47,-0.95,-,-,-,-,-
Daily Detail,3/18/2014,2014,3,Tue,35.04,35,32.75,94850,4278,4.51,33.46,1.58,-,-,-,-,-
Daily Detail,3/19/2014,2014,3,Wed,35.03,35,32.75,92387,4131,4.47,33.47,1.57,-,-,-,-,-
Daily Detail,3/20/2014,2014,3,Thu,35.03,35,32.75,180395,8051,4.46,33.47,1.56,-,-,-,-,-
Daily Detail,3/21/2014,2014,3,Fri,35.04,35,32.75,200940,8921,4.44,33.48,1.56,-,-,-,-,-
Daily Detail,3/22/2014,2014,3,Sat,35.04,35,32.75,172954,7753,4.48,33.47,1.57,-,-,-,-,-
Daily Detail,3/23/2014,2014,3,Sun,35.04,35,32.75,70195,3133,4.46,33.48,1.56,-,-,-,-,-
Daily Detail,3/24/2014,2014,3,Mon,35.03,35,32.75,81378,3674,4.51,33.45,1.58,-,-,-,-,-
Daily Detail,3/25/2014,2014,3,Tue,34.07,34,32.75,130227,2833,2.18,33.33,0.74,-,-,-,-,-
Daily Detail,3/26/2014,2014,3,Wed,34.18,34,32.75,125310,3035,2.42,33.35,0.83,-,-,-,-,-
Daily Detail,3/27/2014,2014,3,Thu,33.71,34,32.75,119452,1265,1.06,33.36,0.36,-,-,-,-,-
Daily Detail,3/28/2014,2014,3,Fri,33.97,34,32.75,276175,4624,1.67,33.4,0.57,-,-,-,-,-
Daily Detail,3/29/2014,2014,3,Sat,33.98,34,32.75,357369,5118,1.43,33.49,0.49,-,-,-,-,-
Daily Detail,3/30/2014,2014,3,Sun,34.2,34,32.75,163865,3340,2.04,33.51,0.7,-,-,-,-,-
Daily Detail,3/31/2014,2014,3,Mon,34.16,34,32.75,190720,3647,1.91,33.51,0.65,-,-,-,-,-
Daily Detail,4/1/2014,2014,4,Tue,34.18,34,33.86,244535,4834,1.98,33.5,0.68,-,-,-,-,-
Daily Detail,4/2/2014,2014,4,Wed,34.02,34,33.86,155621,2255,1.45,33.52,0.49,-,-,-,-,-
Daily Detail,4/3/2014,2014,4,Thu,34.03,34,33.86,136002,1479,1.09,33.66,0.37,-,-,-,-,-
Daily Detail,4/4/2014,2014,4,Fri,34.29,34,33.86,190560,2818,1.48,33.78,0.51,-,-,-,-,-
Daily Detail,4/5/2014,2014,4,Sat,34.35,34,33.86,217111,3570,1.64,33.79,0.56,-,-,-,-,-
Daily Detail,4/6/2014,2014,4,Sun,34.58,35,33.86,119190,2334,1.96,33.9,0.68,-,-,-,-,-
Daily Detail,4/7/2014,2014,4,Mon,34.23,34,33.86,131910,1126,0.85,33.93,0.29,-,-,-,-,-
Daily Detail,4/8/2014,2014,4,Tue,35.04,35,33.86,118921,3615,3.04,33.97,1.07,-,-,-,-,-
Daily Detail,4/9/2014,2014,4,Wed,35.03,35,33.86,124828,3563,2.85,34.03,1,-,-,-,-,-
Daily Detail,4/10/2014,2014,4,Thu,33.33,33,33.86,179326,-3953,-2.2,34.07,-0.73,-,-,-,-,-
Daily Detail,4/11/2014,2014,4,Fri,33.32,33,33.86,318950,-7373,-2.31,34.09,-0.77,-,-,-,-,-
Daily Detail,4/12/2014,2014,4,Sat,33.34,33,33.86,375031,-8696,-2.32,34.11,-0.77,-,-,-,-,-
Daily Detail,4/13/2014,2014,4,Sun,33.35,33,33.86,166394,-3668,-2.2,34.08,-0.74,-,-,-,-,-
Daily Detail,4/14/2014,2014,4,Mon,33.33,33,33.86,193652,-4560,-2.35,34.12,-0.78,-,-,-,-,-
Daily Detail,4/15/2014,2014,4,Tue,33.32,33,33.86,249806,-6151,-2.46,34.14,-0.82,-,-,-,-,-
Daily Detail,4/16/2014,2014,4,Wed,33.33,33,33.86,294023,-7499,-2.55,34.18,-0.85,-,-,-,-,-
Daily Detail,4/17/2014,2014,4,Thu,33.34,33,33.86,612236,-15692,-2.56,34.19,-0.85,-,-,-,-,-
Daily Detail,4/18/2014,2014,4,Fri,33.34,33,33.86,464816,-11877,-2.56,34.2,-0.85,-,-,-,-,-
Daily Detail,4/19/2014,2014,4,Sat,33.33,33,33.86,360481,-9285,-2.58,34.19,-0.86,-,-,-,-,-
Daily Detail,4/20/2014,2014,4,Sun,33.33,33,33.86,114280,-2911,-2.55,34.18,-0.85,-,-,-,-,-
Daily Detail,4/21/2014,2014,4,Mon,33.34,33,33.86,161171,-4244,-2.63,34.22,-0.88,-,-,-,-,-
Daily Detail,4/22/2014,2014,4,Tue,33.33,33,33.86,182483,-4862,-2.66,34.22,-0.89,-,-,-,-,-
Daily Detail,4/23/2014,2014,4,Wed,35.04,35,33.86,109358,2508,2.29,34.24,0.8,-,-,-,-,-
Daily Detail,4/24/2014,2014,4,Thu,35.04,35,33.86,98430,2233,2.27,34.25,0.79,-,-,-,-,-
Daily Detail,4/25/2014,2014,4,Fri,34.64,35,33.86,295741,3414,1.15,34.24,0.4,-,-,-,-,-
Daily Detail,4/26/2014,2014,4,Sat,34.72,35,33.86,285054,3894,1.37,34.25,0.47,-,-,-,-,-
Daily Detail,4/27/2014,2014,4,Sun,34.79,35,33.86,124965,1923,1.54,34.25,0.54,-,-,-,-,-
Daily Detail,4/28/2014,2014,4,Mon,34.72,35,33.86,124176,1660,1.34,34.26,0.46,-,-,-,-,-
Daily Detail,4/29/2014,2014,4,Tue,34.63,35,33.86,131843,1438,1.09,34.25,0.38,-,-,-,-,-
Daily Detail,4/30/2014,2014,4,Wed,35.21,35,33.86,154850,4206,2.72,34.25,0.96,-,-,-,-,-
Daily Detail,5/1/2014,2014,5,Thu,35.19,35,32.63,180294,4637,2.57,34.28,0.9,-,-,-,-,-
Daily Detail,5/2/2014,2014,5,Fri,35.77,36,32.63,163849,6548,4,34.34,1.43,-,-,-,-,-
Daily Detail,5/3/2014,2014,5,Sat,35.55,36,32.63,131437,3835,2.92,34.52,1.04,-,-,-,-,-
Daily Detail,5/4/2014,2014,5,Sun,35.23,35,32.63,93082,1480,1.59,34.67,0.56,-,-,-,-,-
Daily Detail,5/5/2014,2014,5,Mon,35.16,35,32.63,110887,1427,1.29,34.71,0.45,-,-,-,-,-
Daily Detail,5/6/2014,2014,5,Tue,35.92,36,32.63,119386,3693,3.09,34.81,1.11,-,-,-,-,-
Daily Detail,5/7/2014,2014,5,Wed,34.26,34,32.63,91720,-1437,-1.57,34.8,-0.54,-,-,-,-,-
Daily Detail,5/8/2014,2014,5,Thu,35.91,36,32.63,96335,2639,2.74,34.92,0.98,-,-,-,-,-
Daily Detail,5/9/2014,2014,5,Fri,32.51,33,32.63,303226,-22611,-7.46,34.93,-2.42,-,-,-,-,-
Daily Detail,5/10/2014,2014,5,Sat,32.44,32,32.63,431696,-33558,-7.77,34.97,-2.52,-,-,-,-,-
Daily Detail,5/11/2014,2014,5,Sun,32.47,32,32.63,200407,-15501,-7.73,34.98,-2.51,-,-,-,-,-
Daily Detail,5/12/2014,2014,5,Mon,32.45,32,32.63,183414,-14421,-7.86,35,-2.55,-,-,-,-,-
Daily Detail,5/13/2014,2014,5,Tue,32.46,32,32.63,146167,-11526,-7.89,35.02,-2.56,-,-,-,-,-
Daily Detail,5/14/2014,2014,5,Wed,32.16,32,32.63,201121,-16978,-8.44,34.88,-2.72,-,-,-,-,-
Daily Detail,5/15/2014,2014,5,Thu,32.13,32,32.63,270124,-19741,-7.31,34.47,-2.35,-,-,-,-,-
Daily Detail,5/16/2014,2014,5,Fri,32.07,32,32.63,415315,-26476,-6.37,34.12,-2.04,-,-,-,-,-
Daily Detail,5/17/2014,2014,5,Sat,32.16,32,32.63,498717,-27990,-5.61,33.96,-1.8,-,-,-,-,-
Daily Detail,5/18/2014,2014,5,Sun,32.37,32,32.63,166433,-7944,-4.77,33.92,-1.55,-,-,-,-,-
Daily Detail,5/19/2014,2014,5,Mon,32.45,32,32.63,168521,-7019,-4.17,33.8,-1.35,-,-,-,-,-
Daily Detail,5/20/2014,2014,5,Tue,32.09,32,32.63,178124,-9624,-5.4,33.83,-1.73,-,-,-,-,-
Daily Detail,5/21/2014,2014,5,Wed,32.11,32,32.63,194879,-9582,-4.92,33.68,-1.58,-,-,-,-,-
Daily Detail,5/22/2014,2014,5,Thu,33.75,34,32.63,115475,464,0.4,33.62,0.14,-,-,-,-,-
Daily Detail,5/23/2014,2014,5,Fri,32.17,32,32.63,430521,-18753,-4.36,33.57,-1.4,-,-,-,-,-
Daily Detail,5/24/2014,2014,5,Sat,32.18,32,32.63,590643,-23603,-4,33.46,-1.29,-,-,-,-,-
Daily Detail,5/25/2014,2014,5,Sun,32.43,32,32.63,210765,-6599,-3.13,33.44,-1.02,-,-,-,-,-
Daily Detail,5/26/2014,2014,5,Mon,32.31,32,32.63,218189,-7419,-3.4,33.41,-1.1,-,-,-,-,-
Daily Detail,5/27/2014,2014,5,Tue,32.2,32,32.63,226132,-8365,-3.7,33.39,-1.19,-,-,-,-,-
Daily Detail,5/28/2014,2014,5,Wed,32.16,32,32.63,243721,-9208,-3.78,33.37,-1.21,-,-,-,-,-
Daily Detail,5/29/2014,2014,5,Thu,32.17,32,32.63,207429,-7690,-3.71,33.36,-1.19,-,-,-,-,-
Daily Detail,5/30/2014,2014,5,Fri,32.18,32,32.63,503149,-18502,-3.68,33.36,-1.18,-,-,-,-,-
Daily Detail,5/31/2014,2014,5,Sat,32.16,32,32.63,603749,-22510,-3.73,33.36,-1.2,-,-,-,-,-
Daily Detail,6/1/2014,2014,6,Sun,32.14,32,32.47,456017,-17207,-3.77,33.35,-1.21,-,-,-,-,-
Daily Detail,6/2/2014,2014,6,Mon,32.12,32,32.47,425845,-16311,-3.83,33.36,-1.23,-,-,-,-,-
Daily Detail,6/3/2014,2014,6,Tue,32.11,32,32.47,328218,-12696,-3.87,33.35,-1.24,-,-,-,-,-
Daily Detail,6/4/2014,2014,6,Wed,32.17,32,32.47,286406,-10497,-3.67,33.34,-1.18,-,-,-,-,-
Daily Detail,6/5/2014,2014,6,Thu,31.99,32,32.47,184990,-7835,-4.24,33.34,-1.35,-,-,-,-,-
Daily Detail,6/6/2014,2014,6,Fri,32,32,32.47,288118,-12096,-4.2,33.34,-1.34,-,-,-,-,-
Daily Detail,6/7/2014,2014,6,Sat,32.07,32,32.47,391931,-15508,-3.96,33.34,-1.27,-,-,-,-,-
Daily Detail,6/8/2014,2014,6,Sun,32.1,32,32.47,193773,-7482,-3.86,33.34,-1.24,-,-,-,-,-
Daily Detail,6/9/2014,2014,6,Mon,32.42,32,32.47,214178,-6077,-2.84,33.34,-0.92,-,-,-,-,-
Daily Detail,6/10/2014,2014,6,Tue,32.16,32,32.47,188335,-6920,-3.67,33.34,-1.18,-,-,-,-,-
Daily Detail,6/11/2014,2014,6,Wed,32.11,32,32.47,174325,-6654,-3.82,33.34,-1.23,-,-,-,-,-
Daily Detail,6/12/2014,2014,6,Thu,32.14,32,32.47,200272,-7486,-3.74,33.34,-1.2,-,-,-,-,-
Daily Detail,6/13/2014,2014,6,Fri,32.14,32,32.47,468702,-17479,-3.73,33.33,-1.2,-,-,-,-,-
Daily Detail,6/14/2014,2014,6,Sat,32.11,32,32.47,473426,-18709,-3.95,33.38,-1.27,-,-,-,-,-
Daily Detail,6/15/2014,2014,6,Sun,32.07,32,32.47,224232,-9322,-4.16,33.41,-1.33,-,-,-,-,-
Daily Detail,6/16/2014,2014,6,Mon,32.07,32,32.47,185606,-7734,-4.17,33.4,-1.34,-,-,-,-,-
Daily Detail,6/17/2014,2014,6,Tue,32.07,32,32.47,212688,-8716,-4.1,33.38,-1.31,-,-,-,-,-
Daily Detail,6/18/2014,2014,6,Wed,32.03,32,32.47,184260,-7798,-4.23,33.39,-1.36,-,-,-,-,-
Daily Detail,6/19/2014,2014,6,Thu,31.79,32,32.47,113736,-5808,-5.11,33.41,-1.62,-,-,-,-,-
Daily Detail,6/20/2014,2014,6,Fri,33.2,33,32.47,203165,-2186,-1.08,33.56,-0.36,-,-,-,-,-
Daily Detail,6/21/2014,2014,6,Sat,33.01,33,32.47,203345,-3574,-1.76,33.59,-0.58,-,-,-,-,-
Daily Detail,6/22/2014,2014,6,Sun,33.61,34,32.47,134944,-429,-0.32,33.72,-0.11,-,-,-,-,-
Daily Detail,6/23/2014,2014,6,Mon,33.46,33,32.47,138298,-908,-0.66,33.68,-0.22,-,-,-,-,-
Daily Detail,6/24/2014,2014,6,Tue,35.05,35,32.47,36693,1394,3.8,33.71,1.33,-,-,-,-,-
Daily Detail,6/25/2014,2014,6,Wed,35.03,35,32.47,56078,2153,3.84,33.68,1.34,-,-,-,-,-
Daily Detail,6/26/2014,2014,6,Thu,35.04,35,32.47,55781,2093,3.75,33.72,1.31,-,-,-,-,-
Daily Detail,6/27/2014,2014,6,Fri,35.04,35,32.47,131721,4419,3.35,33.87,1.18,-,-,-,-,-
Daily Detail,6/28/2014,2014,6,Sat,35.04,35,32.47,146169,5157,3.53,33.8,1.24,-,-,-,-,-
Daily Detail,6/29/2014,2014,6,Sun,35.03,35,32.47,62074,1990,3.21,33.91,1.12,-,-,-,-,-
Daily Detail,6/30/2014,2014,6,Mon,35.04,35,32.47,93620,3326,3.55,33.79,1.24,-,-,-,-,-
Daily Detail,7/1/2014,2014,7,Tue,35.03,35,33.46,180183,6340,3.52,33.8,1.23,-,-,-,-,-
Daily Detail,7/2/2014,2014,7,Wed,35.04,35,33.46,104761,3145,3,33.99,1.05,-,-,-,-,-
Daily Detail,7/3/2014,2014,7,Thu,35.04,35,33.46,93451,2524,2.7,34.09,0.95,-,-,-,-,-
Daily Detail,7/4/2014,2014,7,Fri,35.04,35,33.46,98088,2665,2.72,34.09,0.95,-,-,-,-,-
Daily Detail,7/5/2014,2014,7,Sat,35.04,35,33.46,117562,3166,2.69,34.1,0.94,-,-,-,-,-
Daily Detail,7/6/2014,2014,7,Sun,35.04,35,33.46,70153,1901,2.71,34.09,0.95,-,-,-,-,-
Daily Detail,7/7/2014,2014,7,Mon,35.04,35,33.46,68918,1927,2.8,34.06,0.98,-,-,-,-,-
Daily Detail,7/8/2014,2014,7,Tue,35.04,35,33.46,108417,3044,2.81,34.06,0.98,-,-,-,-,-
Daily Detail,7/9/2014,2014,7,Wed,35.03,35,33.46,81803,2307,2.82,34.05,0.99,-,-,-,-,-
Daily Detail,7/10/2014,2014,7,Thu,35.04,35,33.46,103999,2728,2.62,34.12,0.92,-,-,-,-,-
Daily Detail,7/11/2014,2014,7,Fri,35.04,35,33.46,134018,3385,2.53,34.15,0.88,-,-,-,-,-
Daily Detail,7/12/2014,2014,7,Sat,35.04,35,33.46,99277,2589,2.61,34.13,0.91,-,-,-,-,-
Daily Detail,7/13/2014,2014,7,Sun,35.03,35,33.46,49705,1335,2.69,34.09,0.94,-,-,-,-,-
Daily Detail,7/14/2014,2014,7,Mon,35.05,35,33.46,75385,1992,2.64,34.12,0.93,-,-,-,-,-
Daily Detail,7/15/2014,2014,7,Tue,35.03,35,33.46,110288,2851,2.59,34.13,0.91,-,-,-,-,-
Daily Detail,7/16/2014,2014,7,Wed,32.44,32,33.46,156537,-8104,-5.18,34.12,-1.68,-,-,-,-,-
Daily Detail,7/17/2014,2014,7,Thu,35.03,35,33.46,80823,1978,2.45,34.18,0.86,-,-,-,-,-
Daily Detail,7/18/2014,2014,7,Fri,35.03,35,33.46,124616,3004,2.41,34.19,0.84,-,-,-,-,-
Daily Detail,7/19/2014,2014,7,Sat,32.43,32,33.46,242759,-13021,-5.36,34.17,-1.74,-,-,-,-,-
Daily Detail,7/20/2014,2014,7,Sun,35.04,35,33.46,85078,2057,2.42,34.19,0.85,-,-,-,-,-
Daily Detail,7/21/2014,2014,7,Mon,35.05,35,33.46,86738,2095,2.42,34.2,0.85,-,-,-,-,-
Daily Detail,7/22/2014,2014,7,Tue,35.03,35,33.46,56674,1395,2.46,34.17,0.86,-,-,-,-,-
Daily Detail,7/23/2014,2014,7,Wed,32.46,32,33.46,165742,-7983,-4.82,34.02,-1.56,-,-,-,-,-
Daily Detail,7/24/2014,2014,7,Thu,35.04,35,33.46,95618,3201,3.35,33.86,1.17,-,-,-,-,-
Daily Detail,7/25/2014,2014,7,Fri,32.44,32,33.46,515699,-22561,-4.37,33.86,-1.42,-,-,-,-,-
Daily Detail,7/26/2014,2014,7,Sat,32.44,32,33.46,562590,-24081,-4.28,33.83,-1.39,-,-,-,-,-
Daily Detail,7/27/2014,2014,7,Sun,32.45,32,33.46,266306,-10932,-4.11,33.78,-1.33,-,-,-,-,-
Daily Detail,7/28/2014,2014,7,Mon,32.45,32,33.46,292635,-11873,-4.06,33.77,-1.32,-,-,-,-,-
Daily Detail,7/29/2014,2014,7,Tue,32.43,32,33.46,212361,-8656,-4.08,33.75,-1.32,-,-,-,-,-
Daily Detail,7/30/2014,2014,7,Wed,32.45,32,33.46,198019,-7885,-3.98,33.74,-1.29,-,-,-,-,-
Daily Detail,7/31/2014,2014,7,Thu,32.44,32,33.46,295508,-11714,-3.96,33.73,-1.29,-,-,-,-,-
Daily Detail,8/1/2014,2014,8,Fri,32.43,32,32.23,611895,-24446,-4,33.73,-1.3,-,-,-,-,-
Daily Detail,8/2/2014,2014,8,Sat,32.43,32,32.23,628685,-25095,-3.99,33.73,-1.29,-,-,-,-,-
Daily Detail,8/3/2014,2014,8,Sun,32.44,32,32.23,307273,-12227,-3.98,33.73,-1.29,-,-,-,-,-
Daily Detail,8/4/2014,2014,8,Mon,32.42,32,32.23,362107,-14539,-4.02,33.72,-1.3,-,-,-,-,-
Daily Detail,8/5/2014,2014,8,Tue,32.42,32,32.23,262350,-10459,-3.99,33.72,-1.29,-,-,-,-,-
Daily Detail,8/6/2014,2014,8,Wed,35.04,35,32.23,80698,3048,3.78,33.72,1.32,-,-,-,-,-
Daily Detail,8/7/2014,2014,8,Thu,35.04,35,32.23,103273,3906,3.78,33.72,1.33,-,-,-,-,-
Daily Detail,8/8/2014,2014,8,Fri,32.45,32,32.23,439421,-17089,-3.89,33.71,-1.26,-,-,-,-,-
Daily Detail,8/9/2014,2014,8,Sat,32.46,32,32.23,408616,-15725,-3.85,33.71,-1.25,-,-,-,-,-
Daily Detail,8/10/2014,2014,8,Sun,32.47,32,32.23,195867,-7464,-3.81,33.71,-1.24,-,-,-,-,-
Daily Detail,8/11/2014,2014,8,Mon,32.46,32,32.23,232347,-8788,-3.78,33.69,-1.23,-,-,-,-,-
Daily Detail,8/12/2014,2014,8,Tue,32.46,32,32.23,190325,-7113,-3.74,33.68,-1.21,-,-,-,-,-
Daily Detail,8/13/2014,2014,8,Wed,32.45,32,32.23,197698,-7416,-3.75,33.67,-1.22,-,-,-,-,-
Daily Detail,8/14/2014,2014,8,Thu,32.44,32,32.23,177909,-6779,-3.81,33.67,-1.24,-,-,-,-,-
Daily Detail,8/15/2014,2014,8,Fri,32.45,32,32.23,473322,-18237,-3.85,33.7,-1.25,-,-,-,-,-
Daily Detail,8/16/2014,2014,8,Sat,32.46,32,32.23,541601,-21352,-3.94,33.74,-1.28,-,-,-,-,-
Daily Detail,8/17/2014,2014,8,Sun,32.45,32,32.23,239514,-9689,-4.05,33.77,-1.31,-,-,-,-,-
Daily Detail,8/18/2014,2014,8,Mon,32.45,32,32.23,255224,-10309,-4.04,33.77,-1.31,-,-,-,-,-
Daily Detail,8/19/2014,2014,8,Tue,32.46,32,32.23,160372,-6649,-4.15,33.8,-1.35,-,-,-,-,-
Daily Detail,8/20/2014,2014,8,Wed,33.31,33,32.23,171587,-3136,-1.83,33.92,-0.61,-,-,-,-,-
Daily Detail,8/21/2014,2014,8,Thu,33.32,33,32.23,164208,-3032,-1.85,33.94,-0.62,-,-,-,-,-
Daily Detail,8/22/2014,2014,8,Fri,33.32,33,32.23,376779,-7227,-1.92,33.96,-0.64,-,-,-,-,-
Daily Detail,8/23/2014,2014,8,Sat,33.32,33,32.23,453633,-9617,-2.12,34.03,-0.71,-,-,-,-,-
Daily Detail,8/24/2014,2014,8,Sun,33.37,33,32.23,214392,-3956,-1.85,33.99,-0.62,-,-,-,-,-
Daily Detail,8/25/2014,2014,8,Mon,33.33,33,32.23,316404,-6889,-2.18,34.06,-0.73,-,-,-,-,-
Daily Detail,8/26/2014,2014,8,Tue,31.87,32,32.23,242825,-17036,-7.02,34.11,-2.24,-,-,-,-,-
Daily Detail,8/27/2014,2014,8,Wed,30.84,31,32.23,274712,-29623,-10.78,34.16,-3.33,-,-,-,-,-
Daily Detail,8/28/2014,2014,8,Thu,30.72,31,32.23,258066,-29103,-11.28,34.19,-3.46,-,-,-,-,-
Daily Detail,8/29/2014,2014,8,Fri,30.75,31,32.23,594007,-66931,-11.27,34.22,-3.46,-,-,-,-,-
Daily Detail,8/30/2014,2014,8,Sat,30.76,31,32.23,717097,-80692,-11.25,34.23,-3.46,-,-,-,-,-
Daily Detail,8/31/2014,2014,8,Sun,30.75,31,32.23,358171,-40392,-11.28,34.22,-3.47,-,-,-,-,-
Daily Detail,9/1/2014,2014,9,Mon,30.72,31,32.15,594954,-67897,-11.41,34.23,-3.51,-,-,-,-,-
Daily Detail,9/2/2014,2014,9,Tue,30.7,31,32.15,469470,-54010,-11.5,34.23,-3.53,-,-,-,-,-
Daily Detail,9/3/2014,2014,9,Wed,30.73,31,32.15,464068,-53113,-11.45,34.25,-3.52,-,-,-,-,-
Daily Detail,9/4/2014,2014,9,Thu,30.73,31,32.15,312312,-35865,-11.48,34.26,-3.53,-,-,-,-,-
Daily Detail,9/5/2014,2014,9,Fri,30.73,31,32.15,501279,-57488,-11.47,34.26,-3.52,-,-,-,-,-
Daily Detail,9/6/2014,2014,9,Sat,30.73,31,32.15,552704,-63466,-11.48,34.26,-3.53,-,-,-,-,-
Daily Detail,9/7/2014,2014,9,Sun,30.73,31,32.15,234154,-26934,-11.5,34.26,-3.53,-,-,-,-,-
Daily Detail,9/8/2014,2014,9,Mon,30.72,31,32.15,244481,-28152,-11.52,34.26,-3.54,-,-,-,-,-
Daily Detail,9/9/2014,2014,9,Tue,35.04,35,32.15,122750,2679,2.18,34.28,0.76,-,-,-,-,-
Daily Detail,9/10/2014,2014,9,Wed,35.04,35,32.15,78736,1664,2.11,34.3,0.74,-,-,-,-,-
Daily Detail,9/11/2014,2014,9,Thu,35.03,35,32.15,70875,1386,1.96,34.35,0.69,-,-,-,-,-
Daily Detail,9/12/2014,2014,9,Fri,35.04,35,32.15,148634,2678,1.8,34.41,0.63,-,-,-,-,-
Daily Detail,9/13/2014,2014,9,Sat,35.04,35,32.15,171725,3073,1.79,34.41,0.63,-,-,-,-,-
Daily Detail,9/14/2014,2014,9,Sun,35.04,35,32.15,86436,1488,1.72,34.43,0.6,-,-,-,-,-
Daily Detail,9/15/2014,2014,9,Mon,35.03,35,32.15,120236,2142,1.78,34.41,0.62,-,-,-,-,-
Daily Detail,9/16/2014,2014,9,Tue,35.03,35,32.15,83204,1451,1.74,34.42,0.61,-,-,-,-,-
Daily Detail,9/17/2014,2014,9,Wed,35.04,35,32.15,73768,1296,1.76,34.43,0.62,-,-,-,-,-
Daily Detail,9/18/2014,2014,9,Thu,35.03,35,32.15,69425,1145,1.65,34.45,0.58,-,-,-,-,-
Daily Detail,9/19/2014,2014,9,Fri,35.03,35,32.15,137155,1878,1.37,34.55,0.48,-,-,-,-,-
Daily Detail,9/20/2014,2014,9,Sat,35.04,35,32.15,153569,2193,1.43,34.54,0.5,-,-,-,-,-
Daily Detail,9/21/2014,2014,9,Sun,35.03,35,32.15,75633,1086,1.44,34.53,0.5,-,-,-,-,-
Daily Detail,9/22/2014,2014,9,Mon,35.04,35,32.15,90816,1162,1.28,34.59,0.45,-,-,-,-,-
Daily Detail,9/23/2014,2014,9,Tue,35.04,35,32.15,110118,1238,1.12,34.64,0.39,-,-,-,-,-
Daily Detail,9/24/2014,2014,9,Wed,32.51,33,32.15,209908,-13646,-6.5,34.62,-2.11,-,-,-,-,-
Daily Detail,9/25/2014,2014,9,Thu,32.46,32,32.15,358366,-24602,-6.87,34.69,-2.23,-,-,-,-,-
Daily Detail,9/26/2014,2014,9,Fri,32.46,32,32.15,585464,-40517,-6.92,34.71,-2.25,-,-,-,-,-
Daily Detail,9/27/2014,2014,9,Sat,32.45,32,32.15,617019,-43992,-7.13,34.76,-2.31,-,-,-,-,-
Daily Detail,9/28/2014,2014,9,Sun,32.45,32,32.15,283851,-20590,-7.25,34.81,-2.35,-,-,-,-,-
Daily Detail,9/29/2014,2014,9,Mon,32.44,32,32.15,264317,-19596,-7.41,34.85,-2.41,-,-,-,-,-
Daily Detail,9/30/2014,2014,9,Tue,32.44,32,32.15,358025,-26798,-7.48,34.87,-2.43,-,-,-,-,-
Daily Detail,10/1/2014,2014,10,Wed,32.43,32,34.5,594438,-44869,-7.55,34.88,-2.45,-,-,-,-,-
Daily Detail,10/2/2014,2014,10,Thu,32.44,32,34.5,470508,-35564,-7.56,34.89,-2.45,-,-,-,-,-
Daily Detail,10/3/2014,2014,10,Fri,32.45,32,34.5,518694,-39245,-7.57,34.9,-2.45,-,-,-,-,-
Daily Detail,10/4/2014,2014,10,Sat,32.45,32,34.5,656246,-49645,-7.56,34.91,-2.45,-,-,-,-,-
Daily Detail,10/5/2014,2014,10,Sun,32.45,32,34.5,280055,-21225,-7.58,34.91,-2.46,-,-,-,-,-
Daily Detail,10/6/2014,2014,10,Mon,32.44,32,34.5,375648,-28531,-7.6,34.91,-2.46,-,-,-,-,-
Daily Detail,10/7/2014,2014,10,Tue,36.72,37,34.5,78112,3860,4.94,34.91,1.81,-,-,-,-,-
Daily Detail,10/8/2014,2014,10,Wed,36.67,37,34.5,70509,3367,4.78,34.92,1.75,-,-,-,-,-
Daily Detail,10/9/2014,2014,10,Thu,36.77,37,34.5,103281,5215,5.05,34.91,1.86,-,-,-,-,-
Daily Detail,10/10/2014,2014,10,Fri,36.77,37,34.5,179841,9083,5.05,34.91,1.86,-,-,-,-,-
Daily Detail,10/11/2014,2014,10,Sat,36.73,37,34.5,138038,6846,4.96,34.91,1.82,-,-,-,-,-
Daily Detail,10/12/2014,2014,10,Sun,36.75,37,34.5,61038,3046,4.99,34.91,1.83,-,-,-,-,-
Daily Detail,10/13/2014,2014,10,Mon,36.78,37,34.5,86800,4408,5.08,34.91,1.87,-,-,-,-,-
Daily Detail,10/14/2014,2014,10,Tue,36.73,37,34.5,69571,3257,4.68,35.01,1.72,-,-,-,-,-
Daily Detail,10/15/2014,2014,10,Wed,36.77,37,34.5,130476,6078,4.66,35.06,1.71,-,-,-,-,-
Daily Detail,10/16/2014,2014,10,Thu,36.75,37,34.5,95230,4142,4.35,35.16,1.6,-,-,-,-,-
Daily Detail,10/17/2014,2014,10,Fri,36.76,37,34.5,121058,4108,3.39,35.51,1.25,-,-,-,-,-
Daily Detail,10/18/2014,2014,10,Sat,36.76,37,34.5,169499,5006,2.95,35.67,1.09,-,-,-,-,-
Daily Detail,10/19/2014,2014,10,Sun,36.75,37,34.5,90692,2781,3.07,35.62,1.13,-,-,-,-,-
Daily Detail,10/20/2014,2014,10,Mon,36.68,37,34.5,101724,2853,2.8,35.65,1.03,-,-,-,-,-
Daily Detail,10/21/2014,2014,10,Tue,36.73,37,34.5,103396,2972,2.87,35.67,1.06,-,-,-,-,-
Daily Detail,10/22/2014,2014,10,Wed,36.68,37,34.5,99076,2564,2.59,35.73,0.95,-,-,-,-,-
Daily Detail,10/23/2014,2014,10,Thu,36.77,37,34.5,97476,2712,2.78,35.75,1.02,-,-,-,-,-
Daily Detail,10/24/2014,2014,10,Fri,36.72,37,34.5,248975,7014,2.82,35.68,1.03,-,-,-,-,-
Daily Detail,10/25/2014,2014,10,Sat,36.7,37,34.5,302722,8592,2.84,35.66,1.04,-,-,-,-,-
Daily Detail,10/26/2014,2014,10,Sun,36.7,37,34.5,128521,3782,2.94,35.62,1.08,-,-,-,-,-
Daily Detail,10/27/2014,2014,10,Mon,36.77,37,34.5,145185,4533,3.12,35.62,1.15,-,-,-,-,-
Daily Detail,10/28/2014,2014,10,Tue,36.77,37,34.5,89528,2461,2.75,35.76,1.01,-,-,-,-,-
Daily Detail,10/29/2014,2014,10,Wed,36.73,37,34.5,81992,1879,2.29,35.89,0.84,-,-,-,-,-
Daily Detail,10/30/2014,2014,10,Thu,36.72,37,34.5,69704,1411,2.02,35.98,0.74,-,-,-,-,-
Daily Detail,10/31/2014,2014,10,Fri,36.73,37,34.5,166652,3332,2,36,0.73,-,-,-,-,-
Daily Detail,11/1/2014,2014,11,Sat,36.77,37,38.38,247453,4814,1.95,36.05,0.72,-,-,-,-,-
Daily Detail,11/2/2014,2014,11,Sun,36.77,37,38.38,148476,2830,1.91,36.07,0.7,-,-,-,-,-
Daily Detail,11/3/2014,2014,11,Mon,36.8,37,38.38,205369,4088,1.99,36.07,0.73,-,-,-,-,-
Daily Detail,11/4/2014,2014,11,Tue,39.4,39,38.38,99245,8296,8.36,36.11,3.29,-,-,-,-,-
Daily Detail,11/5/2014,2014,11,Wed,39.39,39,38.38,72757,4884,6.71,36.75,2.64,-,-,-,-,-
Daily Detail,11/6/2014,2014,11,Thu,37.62,38,38.38,86867,2381,2.74,36.59,1.03,-,-,-,-,-
Daily Detail,11/7/2014,2014,11,Fri,37.66,38,38.38,140168,3629,2.59,36.68,0.98,-,-,-,-,-
Daily Detail,11/8/2014,2014,11,Sat,37.66,38,38.38,160727,4026,2.5,36.72,0.94,-,-,-,-,-
Daily Detail,11/9/2014,2014,11,Sun,37.66,38,38.38,74116,2122,2.86,36.58,1.08,-,-,-,-,-
Daily Detail,11/10/2014,2014,11,Mon,37.75,38,38.38,76103,2135,2.81,36.69,1.06,-,-,-,-,-
Daily Detail,11/11/2014,2014,11,Tue,37.61,38,38.38,56303,1306,2.32,36.74,0.87,-,-,-,-,-
Daily Detail,11/12/2014,2014,11,Wed,37.62,38,38.38,49437,1147,2.32,36.75,0.87,-,-,-,-,-
Daily Detail,11/13/2014,2014,11,Thu,37.54,38,38.38,55033,1036,1.88,36.83,0.71,-,-,-,-,-
Daily Detail,11/14/2014,2014,11,Fri,37.6,38,38.38,149808,2813,1.88,36.9,0.71,-,-,-,-,-
Daily Detail,11/15/2014,2014,11,Sat,37.63,38,38.38,180686,3788,2.1,36.84,0.79,-,-,-,-,-
Daily Detail,11/16/2014,2014,11,Sun,37.62,38,38.38,75871,1965,2.59,36.64,0.97,-,-,-,-,-
Daily Detail,11/17/2014,2014,11,Mon,37.58,38,38.38,86313,1894,2.19,36.75,0.82,-,-,-,-,-
Daily Detail,11/18/2014,2014,11,Tue,37.62,38,38.38,62632,1474,2.35,36.73,0.89,-,-,-,-,-
Daily Detail,11/19/2014,2014,11,Wed,37.59,38,38.38,48529,1119,2.31,36.72,0.87,-,-,-,-,-
Daily Detail,11/20/2014,2014,11,Thu,37.5,38,38.38,51041,1003,1.97,36.77,0.74,-,-,-,-,-
Daily Detail,11/21/2014,2014,11,Fri,42.13,42,38.38,53974,6782,12.57,36.84,5.29,-,-,-,-,-
Daily Detail,11/22/2014,2014,11,Sat,42.33,42,38.38,47498,6319,13.3,36.7,5.63,-,-,-,-,-
Daily Detail,11/23/2014,2014,11,Sun,42.36,42,38.38,31220,4327,13.86,36.49,5.87,-,-,-,-,-
Daily Detail,11/24/2014,2014,11,Mon,41.92,42,38.38,26870,3354,12.48,36.69,5.23,-,-,-,-,-
Daily Detail,11/25/2014,2014,11,Tue,41.87,42,38.38,40531,4857,11.98,36.85,5.02,-,-,-,-,-
Daily Detail,11/26/2014,2014,11,Wed,42.84,43,38.38,30371,4316,14.21,36.75,6.09,-,-,-,-,-
Daily Detail,11/27/2014,2014,11,Thu,42.93,43,38.38,37777,5057,13.39,37.18,5.75,-,-,-,-,-
Daily Detail,11/28/2014,2014,11,Fri,42.72,43,38.38,46818,6165,13.17,37.09,5.63,-,-,-,-,-
Daily Detail,11/29/2014,2014,11,Sat,42.71,43,38.38,88322,8442,9.56,38.63,4.08,-,-,-,-,-
Daily Detail,11/30/2014,2014,11,Sun,42.54,43,38.38,101038,7860,7.78,39.23,3.31,-,-,-,-,-
Daily Detail,12/1/2014,2014,12,Mon,42.18,42,39.38,105101,7844,7.46,39.03,3.15,-,-,-,-,-
Daily Detail,12/2/2014,2014,12,Tue,40.65,41,39.38,88220,2687,3.05,39.42,1.24,-,-,-,-,-
Daily Detail,12/3/2014,2014,12,Wed,40.13,40,39.38,71590,1935,2.7,39.04,1.08,-,-,-,-,-
Daily Detail,12/4/2014,2014,12,Thu,40.2,40,39.38,54997,494,0.9,39.84,0.36,-,-,-,-,-
Daily Detail,12/5/2014,2014,12,Fri,40.69,41,39.38,77884,265,0.34,40.55,0.14,-,-,-,-,-
Daily Detail,12/6/2014,2014,12,Sat,39.94,40,39.38,150370,-4629,-3.08,41.17,-1.23,-,-,-,-,-
Daily Detail,12/7/2014,2014,12,Sun,38.6,39,39.38,104675,-7229,-6.91,41.26,-2.67,-,-,-,-,-
Daily Detail,12/8/2014,2014,12,Mon,40.56,41,39.38,90122,-960,-1.07,40.99,-0.43,-,-,-,-,-
Daily Detail,12/9/2014,2014,12,Tue,40.53,41,39.38,75425,-1589,-2.11,41.38,-0.85,-,-,-,-,-
Daily Detail,12/10/2014,2014,12,Wed,39.52,40,39.38,161845,-7504,-4.64,41.36,-1.83,-,-,-,-,-
Daily Detail,12/11/2014,2014,12,Thu,38.15,38,39.38,158603,-13090,-8.25,41.3,-3.15,-,-,-,-,-
Daily Detail,12/12/2014,2014,12,Fri,38.45,38,39.38,279092,-22144,-7.93,41.5,-3.05,-,-,-,-,-
Daily Detail,12/13/2014,2014,12,Sat,38.26,38,39.38,369351,-33214,-8.99,41.7,-3.44,-,-,-,-,-
Daily Detail,12/14/2014,2014,12,Sun,38.32,38,39.38,177500,-14827,-8.35,41.52,-3.2,-,-,-,-,-
Daily Detail,12/15/2014,2014,12,Mon,38.45,38,39.38,282247,-22243,-7.88,41.48,-3.03,-,-,-,-,-
Daily Detail,12/16/2014,2014,12,Tue,38.54,39,39.38,166038,-13533,-8.15,41.68,-3.14,-,-,-,-,-
Daily Detail,12/17/2014,2014,12,Wed,38.53,39,39.38,148911,-12227,-8.21,41.69,-3.16,-,-,-,-,-
Daily Detail,12/18/2014,2014,12,Thu,38.27,38,39.38,202359,-19077,-9.43,41.88,-3.61,-,-,-,-,-
Daily Detail,12/19/2014,2014,12,Fri,38.42,38,39.38,274344,-25173,-9.18,41.94,-3.53,-,-,-,-,-
Daily Detail,12/20/2014,2014,12,Sat,38.24,38,39.38,316167,-30211,-9.56,41.89,-3.65,-,-,-,-,-
Daily Detail,12/21/2014,2014,12,Sun,38.28,38,39.38,173833,-16812,-9.67,41.98,-3.7,-,-,-,-,-
Daily Detail,12/22/2014,2014,12,Mon,40.8,41,39.38,204565,-5624,-2.75,41.92,-1.12,-,-,-,-,-
Daily Detail,12/23/2014,2014,12,Tue,40.68,41,39.38,316395,-10232,-3.23,41.99,-1.32,-,-,-,-,-
Daily Detail,12/24/2014,2014,12,Wed,41.17,41,39.38,486230,-9679,-1.99,41.99,-0.82,-,-,-,-,-
Daily Detail,12/25/2014,2014,12,Thu,41.17,41,39.38,137687,-2839,-2.06,42.02,-0.85,-,-,-,-,-
Daily Detail,12/26/2014,2014,12,Fri,41.15,41,39.38,48103,-925,-1.92,41.94,-0.79,-,-,-,-,-
Daily Detail,12/27/2014,2014,12,Sat,41.17,41,39.38,110162,-2222,-2.02,42,-0.83,-,-,-,-,-
Daily Detail,12/28/2014,2014,12,Sun,41.18,41,39.38,69051,-1432,-2.07,42.03,-0.85,-,-,-,-,-
Daily Detail,12/29/2014,2014,12,Mon,41.18,41,39.38,133307,-2696,-2.02,42.02,-0.83,-,-,-,-,-
Daily Detail,12/30/2014,2014,12,Tue,38.59,39,39.38,216390,-19334,-8.93,42.04,-3.45,-,-,-,-,-
Daily Detail,12/31/2014,2014,12,Wed,38.57,39,39.38,365055,-32958,-9.03,42.06,-3.48,-,-,-,-,-
Daily Detail,1/1/2015,2015,1,Thu,38.61,39,40.29,112161,-10009,-8.92,42.06,-3.45,-,-,-,-,-
Daily Detail,1/2/2015,2015,1,Fri,38.6,39,40.29,271101,-23918,-8.82,42.01,-3.41,-,-,-,-,-
Daily Detail,1/3/2015,2015,1,Sat,38.58,39,40.29,245813,-21922,-8.92,42.02,-3.44,-,-,-,-,-
Daily Detail,1/4/2015,2015,1,Sun,38.58,39,40.29,178395,-16032,-8.99,42.05,-3.47,-,-,-,-,-
Daily Detail,1/5/2015,2015,1,Mon,38.56,39,40.29,220444,-19544,-8.87,41.98,-3.42,-,-,-,-,-
Daily Detail,1/6/2015,2015,1,Tue,38.58,39,40.29,181534,-15795,-8.7,41.94,-3.36,-,-,-,-,-
Daily Detail,1/7/2015,2015,1,Wed,41.18,41,40.29,83176,-1553,-1.87,41.95,-0.77,-,-,-,-,-
Daily Detail,1/8/2015,2015,1,Thu,41.16,41,40.29,76895,-1573,-2.05,42.01,-0.84,-,-,-,-,-
Daily Detail,1/9/2015,2015,1,Fri,41.18,41,40.29,123859,-2585,-2.09,42.04,-0.86,-,-,-,-,-
Daily Detail,1/10/2015,2015,1,Sat,41.18,41,40.29,120808,-2585,-2.14,42.06,-0.88,-,-,-,-,-
Daily Detail,1/11/2015,2015,1,Sun,41.18,41,40.29,69597,-1454,-2.09,42.04,-0.86,-,-,-,-,-
Daily Detail,1/12/2015,2015,1,Mon,41.17,41,40.29,84738,-1730,-2.04,42.02,-0.84,-,-,-,-,-
Daily Detail,1/13/2015,2015,1,Tue,41.18,41,40.29,64654,-1326,-2.05,42.03,-0.84,-,-,-,-,-
Daily Detail,1/14/2015,2015,1,Wed,41.18,41,40.29,59553,-1150,-1.93,41.98,-0.8,-,-,-,-,-
Daily Detail,1/15/2015,2015,1,Thu,41.17,41,40.29,79081,-1257,-1.59,41.82,-0.65,-,-,-,-,-
Daily Detail,1/16/2015,2015,1,Fri,41.18,41,40.29,149444,-2587,-1.73,41.89,-0.71,-,-,-,-,-
Daily Detail,1/17/2015,2015,1,Sat,41.17,41,40.29,170624,-2923,-1.71,41.88,-0.71,-,-,-,-,-
Daily Detail,1/18/2015,2015,1,Sun,41.18,41,40.29,74744,-1260,-1.69,41.88,-0.69,-,-,-,-,-
Daily Detail,1/19/2015,2015,1,Mon,41.18,41,40.29,90144,-967,-1.07,41.62,-0.44,-,-,-,-,-
Daily Detail,1/20/2015,2015,1,Tue,41.17,41,40.29,97827,-1307,-1.34,41.72,-0.55,-,-,-,-,-
Daily Detail,1/21/2015,2015,1,Wed,41.18,41,40.29,62796,-1348,-2.15,42.06,-0.88,-,-,-,-,-
Daily Detail,1/22/2015,2015,1,Thu,41.18,41,40.29,66551,-1401,-2.11,42.05,-0.87,-,-,-,-,-
Daily Detail,1/23/2015,2015,1,Fri,41.17,41,40.29,154671,-3361,-2.17,42.06,-0.89,-,-,-,-,-
Daily Detail,1/24/2015,2015,1,Sat,41.17,41,40.29,158722,-3360,-2.12,42.04,-0.87,-,-,-,-,-
Daily Detail,1/25/2015,2015,1,Sun,41.17,41,40.29,78092,-1703,-2.18,42.06,-0.9,-,-,-,-,-
Daily Detail,1/26/2015,2015,1,Mon,41.18,41,40.29,91830,-1978,-2.15,42.07,-0.89,-,-,-,-,-
Daily Detail,1/27/2015,2015,1,Tue,41.17,41,40.29,76993,-1621,-2.11,42.04,-0.87,-,-,-,-,-
Daily Detail,1/28/2015,2015,1,Wed,41.17,41,40.29,59898,-1296,-2.16,42.06,-0.89,-,-,-,-,-
Daily Detail,1/29/2015,2015,1,Thu,41.17,41,40.29,57310,-1221,-2.13,42.05,-0.88,-,-,-,-,-
Daily Detail,1/30/2015,2015,1,Fri,41.17,41,40.29,134540,-2682,-1.99,41.99,-0.82,-,-,-,-,-
Daily Detail,1/31/2015,2015,1,Sat,41.18,41,40.29,200194,-3621,-1.81,41.92,-0.74,-,-,-,-,-
Daily Detail,2/1/2015,2015,2,Sun,41.17,41,38.37,171470,-3182,-1.86,41.93,-0.76,-,-,-,-,-
Daily Detail,2/2/2015,2015,2,Mon,41.18,41,38.37,151737,-2412,-1.59,41.83,-0.65,-,-,-,-,-
Daily Detail,2/3/2015,2015,2,Tue,41.17,41,38.37,102072,-1563,-1.53,41.81,-0.63,-,-,-,-,-
Daily Detail,2/4/2015,2015,2,Wed,41.15,41,38.37,82514,-718,-0.87,41.51,-0.36,-,-,-,-,-
Daily Detail,2/5/2015,2015,2,Thu,41.19,41,38.37,46211,-196,-0.42,41.36,-0.17,-,-,-,-,-
Daily Detail,2/6/2015,2015,2,Fri,41.18,41,38.37,85730,-36,-0.04,41.19,-0.02,-,-,-,-,-
Daily Detail,2/7/2015,2015,2,Sat,41.17,41,38.37,105918,255,0.24,41.07,0.1,-,-,-,-,-
Daily Detail,2/8/2015,2015,2,Sun,41.17,41,38.37,73042,-4,-0.01,41.18,0,-,-,-,-,-
Daily Detail,2/9/2015,2015,2,Mon,41.17,41,38.37,97909,811,0.83,40.83,0.34,-,-,-,-,-
Daily Detail,2/10/2015,2015,2,Tue,37.71,38,38.37,138667,-9856,-7.11,40.39,-2.68,-,-,-,-,-
Daily Detail,2/11/2015,2015,2,Wed,37.72,38,38.37,162162,-11500,-7.09,40.4,-2.68,-,-,-,-,-
Daily Detail,2/12/2015,2015,2,Thu,37.7,38,38.37,138520,-9236,-6.67,40.22,-2.51,-,-,-,-,-
Daily Detail,2/13/2015,2015,2,Fri,37.73,38,38.37,358597,-23850,-6.65,40.24,-2.51,-,-,-,-,-
Daily Detail,2/14/2015,2015,2,Sat,37.73,38,38.37,424010,-27538,-6.49,40.18,-2.45,-,-,-,-,-
Daily Detail,2/15/2015,2015,2,Sun,37.71,38,38.37,203861,-13205,-6.48,40.15,-2.44,-,-,-,-,-
Daily Detail,2/16/2015,2015,2,Mon,37.72,38,38.37,220506,-14217,-6.45,40.15,-2.43,-,-,-,-,-
Daily Detail,2/17/2015,2015,2,Tue,37.69,38,38.37,139936,-8762,-6.26,40.05,-2.36,-,-,-,-,-
Daily Detail,2/18/2015,2015,2,Wed,37.72,38,38.37,161065,-9674,-6.01,39.99,-2.27,-,-,-,-,-
Daily Detail,2/19/2015,2015,2,Thu,37.71,38,38.37,144329,-8495,-5.89,39.93,-2.22,-,-,-,-,-
Daily Detail,2/20/2015,2015,2,Fri,37.72,38,38.37,293072,-17168,-5.86,39.93,-2.21,-,-,-,-,-
Daily Detail,2/21/2015,2015,2,Sat,37.71,38,38.37,267782,-15648,-5.84,39.91,-2.2,-,-,-,-,-
Daily Detail,2/22/2015,2015,2,Sun,37.71,38,38.37,136053,-7967,-5.86,39.92,-2.21,-,-,-,-,-
Daily Detail,2/23/2015,2015,2,Mon,40.33,40,38.37,86703,972,1.12,39.87,0.45,-,-,-,-,-
Daily Detail,2/24/2015,2015,2,Tue,37.74,38,38.37,95474,-5394,-5.65,39.87,-2.13,-,-,-,-,-
Daily Detail,2/25/2015,2015,2,Wed,37.77,38,38.37,198432,-11068,-5.58,39.88,-2.11,-,-,-,-,-
Daily Detail,2/26/2015,2015,2,Thu,37.71,38,38.37,157292,-9013,-5.73,39.87,-2.16,-,-,-,-,-
Daily Detail,2/27/2015,2015,2,Fri,37.71,38,38.37,307541,-17456,-5.68,39.85,-2.14,-,-,-,-,-
Daily Detail,2/28/2015,2015,2,Sat,37.75,38,38.37,350899,-24132,-6.88,40.34,-2.6,-,-,-,-,-
Daily Detail,3/1/2015,2015,3,Sun,37.73,38,38.55,256702,-19867,-7.74,40.65,-2.92,-,-,-,-,-
Daily Detail,3/2/2015,2015,3,Mon,37.73,38,38.55,234706,-18004,-7.67,40.62,-2.89,-,-,-,-,-
Daily Detail,3/3/2015,2015,3,Tue,37.72,38,38.55,249381,-19381,-7.77,40.65,-2.93,-,-,-,-,-
Daily Detail,3/4/2015,2015,3,Wed,37.73,38,38.55,258211,-20615,-7.98,40.75,-3.01,-,-,-,-,-
Daily Detail,3/5/2015,2015,3,Thu,37.84,38,38.55,145976,-11602,-7.95,40.84,-3.01,-,-,-,-,-
Daily Detail,3/6/2015,2015,3,Fri,37.77,38,38.55,269240,-22125,-8.22,40.88,-3.1,-,-,-,-,-
Daily Detail,3/7/2015,2015,3,Sat,37.77,38,38.55,306920,-25322,-8.25,40.88,-3.12,-,-,-,-,-
Daily Detail,3/8/2015,2015,3,Sun,41.17,41,38.55,122107,712,0.58,40.93,0.24,-,-,-,-,-
Daily Detail,3/9/2015,2015,3,Mon,41.17,41,38.55,117661,800,0.68,40.89,0.28,-,-,-,-,-
Daily Detail,3/10/2015,2015,3,Tue,41.17,41,38.55,62500,426,0.68,40.89,0.28,-,-,-,-,-
Daily Detail,3/11/2015,2015,3,Wed,41.17,41,38.55,57064,426,0.75,40.86,0.31,-,-,-,-,-
Daily Detail,3/12/2015,2015,3,Thu,41.17,41,38.55,48008,326,0.68,40.89,0.28,-,-,-,-,-
Daily Detail,3/13/2015,2015,3,Fri,41.17,41,38.55,117447,766,0.65,40.9,0.27,-,-,-,-,-
Daily Detail,3/14/2015,2015,3,Sat,41.18,41,38.55,150592,1018,0.68,40.9,0.28,-,-,-,-,-
Daily Detail,3/15/2015,2015,3,Sun,41.17,41,38.55,67152,349,0.52,40.96,0.21,-,-,-,-,-
Daily Detail,3/16/2015,2015,3,Mon,41.16,41,38.55,80635,514,0.64,40.9,0.26,-,-,-,-,-
Daily Detail,3/17/2015,2015,3,Tue,41.2,41,38.55,50670,361,0.71,40.9,0.29,-,-,-,-,-
Daily Detail,3/18/2015,2015,3,Wed,41.16,41,38.55,48649,287,0.59,40.92,0.24,-,-,-,-,-
Daily Detail,3/19/2015,2015,3,Thu,41.16,41,38.55,43213,232,0.54,40.93,0.22,-,-,-,-,-
Daily Detail,3/20/2015,2015,3,Fri,41.17,41,38.55,96881,428,0.44,40.99,0.18,-,-,-,-,-
Daily Detail,3/21/2015,2015,3,Sat,41.18,41,38.55,121361,532,0.44,41,0.18,-,-,-,-,-
Daily Detail,3/22/2015,2015,3,Sun,41.18,41,38.55,66954,198,0.3,41.06,0.12,-,-,-,-,-
Daily Detail,3/23/2015,2015,3,Mon,41.16,41,38.55,81342,210,0.26,41.06,0.11,-,-,-,-,-
Daily Detail,3/24/2015,2015,3,Tue,37.76,38,38.55,125061,-11314,-9.05,41.18,-3.42,-,-,-,-,-
Daily Detail,3/25/2015,2015,3,Wed,37.77,38,38.55,253219,-22976,-9.07,41.2,-3.43,-,-,-,-,-
Daily Detail,3/26/2015,2015,3,Thu,37.71,38,38.55,229184,-21177,-9.24,41.2,-3.48,-,-,-,-,-
Daily Detail,3/27/2015,2015,3,Fri,37.74,38,38.55,354191,-32274,-9.11,41.17,-3.44,-,-,-,-,-
Daily Detail,3/28/2015,2015,3,Sat,37.72,38,38.55,459485,-41878,-9.11,41.16,-3.44,-,-,-,-,-
Daily Detail,3/29/2015,2015,3,Sun,37.75,38,38.55,224103,-20257,-9.04,41.16,-3.41,-,-,-,-,-
Daily Detail,3/30/2015,2015,3,Mon,37.72,38,38.55,215204,-19615,-9.11,41.15,-3.44,-,-,-,-,-
Daily Detail,3/31/2015,2015,3,Tue,37.74,38,38.55,355535,-31454,-8.85,41.08,-3.34,-,-,-,-,-
Daily Detail,4/1/2015,2015,4,Wed,37.77,38,38.8,498894,-43590,-8.74,41.08,-3.3,-,-,-,-,-
Daily Detail,4/2/2015,2015,4,Thu,37.76,38,38.8,715032,-62490,-8.74,41.06,-3.3,-,-,-,-,-
Daily Detail,4/3/2015,2015,4,Fri,37.79,38,38.8,510289,-43871,-8.6,41.04,-3.25,-,-,-,-,-
Daily Detail,4/4/2015,2015,4,Sat,37.76,38,38.8,400302,-34571,-8.64,41.03,-3.26,-,-,-,-,-
Daily Detail,4/5/2015,2015,4,Sun,37.75,38,38.8,135578,-11758,-8.67,41.03,-3.27,-,-,-,-,-
Daily Detail,4/6/2015,2015,4,Mon,37.73,38,38.8,182466,-15939,-8.74,41.03,-3.3,-,-,-,-,-
Daily Detail,4/7/2015,2015,4,Tue,40.67,41,38.8,176814,-1576,-0.89,41.03,-0.36,-,-,-,-,-
Daily Detail,4/8/2015,2015,4,Wed,41.17,41,38.8,100918,339,0.34,41.04,0.14,-,-,-,-,-
Daily Detail,4/9/2015,2015,4,Thu,41.17,41,38.8,74691,263,0.35,41.03,0.14,-,-,-,-,-
Daily Detail,4/10/2015,2015,4,Fri,41.18,41,38.8,114067,413,0.36,41.03,0.15,-,-,-,-,-
Daily Detail,4/11/2015,2015,4,Sat,41.18,41,38.8,126508,464,0.37,41.03,0.15,-,-,-,-,-
Daily Detail,4/12/2015,2015,4,Sun,41.18,41,38.8,79649,300,0.38,41.03,0.16,-,-,-,-,-
Daily Detail,4/13/2015,2015,4,Mon,41.18,41,38.8,83137,437,0.53,40.96,0.22,-,-,-,-,-
Daily Detail,4/14/2015,2015,4,Tue,41.65,42,38.8,40776,836,2.05,40.8,0.85,-,-,-,-,-
Daily Detail,4/15/2015,2015,4,Wed,41.69,42,38.8,58278,1308,2.24,40.75,0.94,-,-,-,-,-
Daily Detail,4/16/2015,2015,4,Thu,41.74,42,38.8,50000,1172,2.34,40.76,0.98,-,-,-,-,-
Daily Detail,4/17/2015,2015,4,Fri,41.82,42,38.8,103912,2503,2.41,40.81,1.01,-,-,-,-,-
Daily Detail,4/18/2015,2015,4,Sat,41.88,42,38.8,132843,3297,2.48,40.84,1.04,-,-,-,-,-
Daily Detail,4/19/2015,2015,4,Sun,41.94,42,38.8,62787,1574,2.51,40.89,1.05,-,-,-,-,-
Daily Detail,4/20/2015,2015,4,Mon,41.93,42,38.8,57233,1526,2.67,40.81,1.12,-,-,-,-,-
Daily Detail,4/21/2015,2015,4,Tue,42.04,42,38.8,56874,1702,2.99,40.78,1.26,-,-,-,-,-
Daily Detail,4/22/2015,2015,4,Wed,38.6,39,38.8,132738,-7526,-5.67,40.79,-2.19,-,-,-,-,-
Daily Detail,4/23/2015,2015,4,Thu,42.06,42,38.8,60310,1864,3.09,40.76,1.3,-,-,-,-,-
Daily Detail,4/24/2015,2015,4,Fri,38.64,39,38.8,343587,-18804,-5.47,40.75,-2.11,-,-,-,-,-
Daily Detail,4/25/2015,2015,4,Sat,37.8,38,38.8,496882,-38424,-7.73,40.73,-2.92,-,-,-,-,-
Daily Detail,4/26/2015,2015,4,Sun,38.69,39,38.8,200370,-10595,-5.29,40.73,-2.05,-,-,-,-,-
Daily Detail,4/27/2015,2015,4,Mon,38.7,39,38.8,194028,-10025,-5.17,40.7,-2,-,-,-,-,-
Daily Detail,4/28/2015,2015,4,Tue,38.61,39,38.8,190561,-10243,-5.38,40.68,-2.08,-,-,-,-,-
Daily Detail,4/29/2015,2015,4,Wed,38.64,39,38.8,198985,-10499,-5.28,40.68,-2.04,-,-,-,-,-
Daily Detail,4/30/2015,2015,4,Thu,38.6,39,38.8,385483,-20769,-5.39,40.68,-2.08,-,-,-,-,-
Daily Detail,5/1/2015,2015,5,Fri,38.63,39,37.98,499703,-26504,-5.3,40.67,-2.05,-,-,-,-,-
Daily Detail,5/2/2015,2015,5,Sat,37.79,38,37.98,461667,-35186,-7.62,40.67,-2.88,-,-,-,-,-
Daily Detail,5/3/2015,2015,5,Sun,38.62,39,37.98,259542,-13738,-5.29,40.66,-2.04,-,-,-,-,-
Daily Detail,5/4/2015,2015,5,Mon,38.67,39,37.98,320309,-16434,-5.13,40.65,-1.98,-,-,-,-,-
Daily Detail,5/5/2015,2015,5,Tue,38.75,39,37.98,239923,-11778,-4.91,40.66,-1.9,-,-,-,-,-
Daily Detail,5/6/2015,2015,5,Wed,37.76,38,37.98,224994,-17266,-7.67,40.65,-2.9,-,-,-,-,-
Daily Detail,5/7/2015,2015,5,Thu,41.15,41,37.98,117198,1429,1.22,40.65,0.5,-,-,-,-,-
Daily Detail,5/8/2015,2015,5,Fri,37.79,38,37.98,330589,-24976,-7.56,40.65,-2.86,-,-,-,-,-
Daily Detail,5/9/2015,2015,5,Sat,37.76,38,37.98,389972,-29855,-7.66,40.65,-2.89,-,-,-,-,-
Daily Detail,5/10/2015,2015,5,Sun,37.76,38,37.98,166536,-12707,-7.63,40.64,-2.88,-,-,-,-,-
Daily Detail,5/11/2015,2015,5,Mon,37.75,38,37.98,198443,-15233,-7.68,40.65,-2.9,-,-,-,-,-
Daily Detail,5/12/2015,2015,5,Tue,37.75,38,37.98,193182,-14857,-7.69,40.65,-2.9,-,-,-,-,-
Daily Detail,5/13/2015,2015,5,Wed,37.73,38,37.98,166403,-12819,-7.7,40.64,-2.91,-,-,-,-,-
Daily Detail,5/14/2015,2015,5,Thu,37.75,38,37.98,149179,-11441,-7.67,40.64,-2.89,-,-,-,-,-
Daily Detail,5/15/2015,2015,5,Fri,37.74,38,37.98,380593,-29219,-7.68,40.64,-2.9,-,-,-,-,-
Daily Detail,5/16/2015,2015,5,Sat,37.73,38,37.98,413700,-31870,-7.7,40.64,-2.91,-,-,-,-,-
Daily Detail,5/17/2015,2015,5,Sun,37.73,38,37.98,177160,-13652,-7.71,40.64,-2.91,-,-,-,-,-
Daily Detail,5/18/2015,2015,5,Mon,37.74,38,37.98,196421,-15090,-7.68,40.64,-2.9,-,-,-,-,-
Daily Detail,5/19/2015,2015,5,Tue,37.92,38,37.98,137941,-9905,-7.18,40.64,-2.72,-,-,-,-,-
Daily Detail,5/20/2015,2015,5,Wed,37.82,38,37.98,166176,-12392,-7.46,40.64,-2.82,-,-,-,-,-
Daily Detail,5/21/2015,2015,5,Thu,42.05,42,37.98,84604,2841,3.36,40.64,1.41,-,-,-,-,-
Daily Detail,5/22/2015,2015,5,Fri,37.75,38,37.98,321821,-24667,-7.66,40.64,-2.89,-,-,-,-,-
Daily Detail,5/23/2015,2015,5,Sat,37.74,38,37.98,418715,-32221,-7.7,40.64,-2.9,-,-,-,-,-
Daily Detail,5/24/2015,2015,5,Sun,37.77,38,37.98,169541,-12878,-7.6,40.64,-2.87,-,-,-,-,-
Daily Detail,5/25/2015,2015,5,Mon,37.74,38,37.98,256435,-19739,-7.7,40.64,-2.9,-,-,-,-,-
Daily Detail,5/26/2015,2015,5,Tue,37.74,38,37.98,199386,-15334,-7.69,40.64,-2.9,-,-,-,-,-
Daily Detail,5/27/2015,2015,5,Wed,37.74,38,37.98,243554,-18697,-7.68,40.64,-2.9,-,-,-,-,-
Daily Detail,5/28/2015,2015,5,Thu,37.74,38,37.98,217746,-16737,-7.69,40.64,-2.9,-,-,-,-,-
Daily Detail,5/29/2015,2015,5,Fri,37.75,38,37.98,472161,-36104,-7.65,40.64,-2.89,-,-,-,-,-
Daily Detail,5/30/2015,2015,5,Sat,37.73,38,37.98,546135,-42115,-7.71,40.64,-2.91,-,-,-,-,-
Daily Detail,5/31/2015,2015,5,Sun,37.76,38,37.98,264637,-20192,-7.63,40.64,-2.88,-,-,-,-,-
Daily Detail,6/1/2015,2015,6,Mon,37.72,38,39.04,440906,-34061,-7.73,40.64,-2.91,-,-,-,-,-
Daily Detail,6/2/2015,2015,6,Tue,37.72,38,39.04,334319,-25850,-7.73,40.64,-2.92,-,-,-,-,-
Daily Detail,6/3/2015,2015,6,Wed,37.75,38,39.04,269836,-20656,-7.66,40.64,-2.89,-,-,-,-,-
Daily Detail,6/4/2015,2015,6,Thu,37.77,38,39.04,201146,-15283,-7.6,40.64,-2.87,-,-,-,-,-
Daily Detail,6/5/2015,2015,6,Fri,37.74,38,39.04,293461,-22477,-7.66,40.64,-2.89,-,-,-,-,-
Daily Detail,6/6/2015,2015,6,Sat,37.75,38,39.04,349413,-26682,-7.64,40.64,-2.88,-,-,-,-,-
Daily Detail,6/7/2015,2015,6,Sun,37.75,38,39.04,179603,-13746,-7.65,40.64,-2.89,-,-,-,-,-
Daily Detail,6/8/2015,2015,6,Mon,42.02,42,39.04,109811,3645,3.32,40.63,1.39,-,-,-,-,-
Daily Detail,6/9/2015,2015,6,Tue,42.05,42,39.04,76957,2744,3.57,40.55,1.5,-,-,-,-,-
Daily Detail,6/10/2015,2015,6,Wed,42.03,42,39.04,71200,2531,3.55,40.54,1.49,-,-,-,-,-
Daily Detail,6/11/2015,2015,6,Thu,42.01,42,39.04,68988,2449,3.55,40.52,1.49,-,-,-,-,-
Daily Detail,6/12/2015,2015,6,Fri,42.05,42,39.04,155157,5734,3.7,40.49,1.55,-,-,-,-,-
Daily Detail,6/13/2015,2015,6,Sat,42.03,42,39.04,185110,6763,3.65,40.5,1.54,-,-,-,-,-
Daily Detail,6/14/2015,2015,6,Sun,42.06,42,39.04,83780,3120,3.72,40.49,1.57,-,-,-,-,-
Daily Detail,6/15/2015,2015,6,Mon,42.03,42,39.04,149502,5539,3.7,40.47,1.56,-,-,-,-,-
Daily Detail,6/16/2015,2015,6,Tue,41.95,42,39.04,100477,3667,3.65,40.42,1.53,-,-,-,-,-
Daily Detail,6/17/2015,2015,6,Wed,42.02,42,39.04,89073,3434,3.86,40.4,1.62,-,-,-,-,-
Daily Detail,6/18/2015,2015,6,Thu,42,42,39.04,78747,3073,3.9,40.36,1.64,-,-,-,-,-
Daily Detail,6/19/2015,2015,6,Fri,42.04,42,39.04,141913,5895,4.15,40.29,1.75,-,-,-,-,-
Daily Detail,6/20/2015,2015,6,Sat,42.04,42,39.04,169304,7016,4.14,40.3,1.74,-,-,-,-,-
Daily Detail,6/21/2015,2015,6,Sun,42.06,42,39.04,89512,3730,4.17,40.31,1.75,-,-,-,-,-
Daily Detail,6/22/2015,2015,6,Mon,42.03,42,39.04,85984,3557,4.14,40.29,1.74,-,-,-,-,-
Daily Detail,6/23/2015,2015,6,Tue,42.02,42,39.04,64956,2786,4.29,40.21,1.8,-,-,-,-,-
Daily Detail,6/24/2015,2015,6,Wed,37.78,38,39.04,106613,-6815,-6.39,40.19,-2.41,-,-,-,-,-
Daily Detail,6/25/2015,2015,6,Thu,37.79,38,39.04,183844,-11522,-6.27,40.16,-2.37,-,-,-,-,-
Daily Detail,6/26/2015,2015,6,Fri,37.82,38,39.04,319580,-19662,-6.15,40.15,-2.33,-,-,-,-,-
Daily Detail,6/27/2015,2015,6,Sat,37.79,38,39.04,369246,-22772,-6.17,40.12,-2.33,-,-,-,-,-
Daily Detail,6/28/2015,2015,6,Sun,37.78,38,39.04,185648,-11447,-6.17,40.11,-2.33,-,-,-,-,-
Daily Detail,6/29/2015,2015,6,Mon,37.76,38,39.04,165558,-10313,-6.23,40.11,-2.35,-,-,-,-,-
Daily Detail,6/30/2015,2015,6,Tue,37.76,38,39.04,212465,-13214,-6.22,40.11,-2.35,-,-,-,-,-
Daily Detail,7/1/2015,2015,7,Wed,37.75,38,38.47,305232,-19017,-6.23,40.1,-2.35,-,-,-,-,-
Daily Detail,7/2/2015,2015,7,Thu,37.73,38,38.47,250482,-15580,-6.22,40.08,-2.35,-,-,-,-,-
Daily Detail,7/3/2015,2015,7,Fri,37.78,38,38.47,268410,-16183,-6.03,40.06,-2.28,-,-,-,-,-
Daily Detail,7/4/2015,2015,7,Sat,37.82,38,38.47,316365,-18660,-5.9,40.06,-2.23,-,-,-,-,-
Daily Detail,7/5/2015,2015,7,Sun,37.84,38,38.47,156873,-9096,-5.8,40.03,-2.19,-,-,-,-,-
Daily Detail,7/6/2015,2015,7,Mon,37.82,38,38.47,173988,-10201,-5.86,40.03,-2.22,-,-,-,-,-
Daily Detail,7/7/2015,2015,7,Tue,37.78,38,38.47,135754,-8046,-5.93,40.02,-2.24,-,-,-,-,-
Daily Detail,7/8/2015,2015,7,Wed,39.94,40,38.47,84427,-162,-0.19,40.01,-0.08,-,-,-,-,-
Daily Detail,7/9/2015,2015,7,Thu,39.41,39,38.47,70815,-1098,-1.55,40.02,-0.61,-,-,-,-,-
Daily Detail,7/10/2015,2015,7,Fri,39.43,39,38.47,125983,-1902,-1.51,40.03,-0.6,-,-,-,-,-
Daily Detail,7/11/2015,2015,7,Sat,39.6,40,38.47,142378,-1547,-1.09,40.03,-0.43,-,-,-,-,-
Daily Detail,7/12/2015,2015,7,Sun,39.15,39,38.47,57428,-1295,-2.25,40.03,-0.88,-,-,-,-,-
Daily Detail,7/13/2015,2015,7,Mon,39.34,39,38.47,63331,-1359,-2.15,40.18,-0.84,-,-,-,-,-
Daily Detail,7/14/2015,2015,7,Tue,39.21,39,38.47,51241,-1269,-2.48,40.18,-0.97,-,-,-,-,-
Daily Detail,7/15/2015,2015,7,Wed,39.18,39,38.47,80326,-1404,-1.75,39.87,-0.68,-,-,-,-,-
Daily Detail,7/16/2015,2015,7,Thu,38.89,39,38.47,71913,-1850,-2.57,39.89,-1,-,-,-,-,-
Daily Detail,7/17/2015,2015,7,Fri,38.83,39,38.47,119204,-3466,-2.91,39.96,-1.13,-,-,-,-,-
Daily Detail,7/18/2015,2015,7,Sat,38.96,39,38.47,129441,-3052,-2.36,39.88,-0.92,-,-,-,-,-
Daily Detail,7/19/2015,2015,7,Sun,39.18,39,38.47,77646,-1910,-2.46,40.14,-0.96,-,-,-,-,-
Daily Detail,7/20/2015,2015,7,Mon,39.13,39,38.47,69927,-1436,-2.05,39.93,-0.8,-,-,-,-,-
Daily Detail,7/21/2015,2015,7,Tue,38.99,39,38.47,71973,-1879,-2.61,40.01,-1.02,-,-,-,-,-
Daily Detail,7/22/2015,2015,7,Wed,38.8,39,38.47,44305,-1164,-2.63,39.82,-1.02,-,-,-,-,-
Daily Detail,7/23/2015,2015,7,Thu,38.52,39,38.47,66800,-2524,-3.78,39.98,-1.46,-,-,-,-,-
Daily Detail,7/24/2015,2015,7,Fri,38.57,39,38.47,125690,-4738,-3.77,40.02,-1.45,-,-,-,-,-
Daily Detail,7/25/2015,2015,7,Sat,38.81,39,38.47,138625,-4912,-3.54,40.18,-1.38,-,-,-,-,-
Daily Detail,7/26/2015,2015,7,Sun,38.75,39,38.47,81715,-3374,-4.13,40.35,-1.6,-,-,-,-,-
Daily Detail,7/27/2015,2015,7,Mon,38.73,39,38.47,86843,-3400,-3.92,40.25,-1.52,-,-,-,-,-
Daily Detail,7/28/2015,2015,7,Tue,38.65,39,38.47,56977,-2117,-3.72,40.09,-1.44,-,-,-,-,-
Daily Detail,7/29/2015,2015,7,Wed,38.69,39,38.47,53434,-2083,-3.9,40.2,-1.51,-,-,-,-,-
Daily Detail,7/30/2015,2015,7,Thu,38.74,39,38.47,55134,-1931,-3.5,40.1,-1.36,-,-,-,-,-
Daily Detail,7/31/2015,2015,7,Fri,38.78,39,38.47,145034,-4843,-3.34,40.07,-1.29,-,-,-,-,-
Daily Detail,8/1/2015,2015,8,Sat,38.92,39,36.13,173307,-5393,-3.11,40.13,-1.21,-,-,-,-,-
Daily Detail,8/2/2015,2015,8,Sun,39.04,39,36.13,88154,-2675,-3.03,40.23,-1.18,-,-,-,-,-
Daily Detail,8/3/2015,2015,8,Mon,39.12,39,36.13,81142,-1973,-2.43,40.07,-0.95,-,-,-,-,-
Daily Detail,8/4/2015,2015,8,Tue,38.7,39,36.13,77673,-2745,-3.53,40.07,-1.37,-,-,-,-,-
Daily Detail,8/5/2015,2015,8,Wed,38.75,39,36.13,75483,-2541,-3.37,40.05,-1.3,-,-,-,-,-
Daily Detail,8/6/2015,2015,8,Thu,38.69,39,36.13,74355,-2623,-3.53,40.05,-1.36,-,-,-,-,-
Daily Detail,8/7/2015,2015,8,Fri,38.97,39,36.13,120327,-3381,-2.81,40.06,-1.09,-,-,-,-,-
Daily Detail,8/8/2015,2015,8,Sat,38.92,39,36.13,131868,-3853,-2.92,40.06,-1.14,-,-,-,-,-
Daily Detail,8/9/2015,2015,8,Sun,38.84,39,36.13,75504,-2475,-3.28,40.11,-1.27,-,-,-,-,-
Daily Detail,8/10/2015,2015,8,Mon,38.61,39,36.13,69968,-2698,-3.86,40.1,-1.49,-,-,-,-,-
Daily Detail,8/11/2015,2015,8,Tue,38.51,39,36.13,60187,-2351,-3.91,40.01,-1.5,-,-,-,-,-
Daily Detail,8/12/2015,2015,8,Wed,38.17,38,36.13,44699,-2151,-4.81,40.01,-1.84,-,-,-,-,-
Daily Detail,8/13/2015,2015,8,Thu,38.13,38,36.13,39463,-1951,-4.94,40.01,-1.89,-,-,-,-,-
Daily Detail,8/14/2015,2015,8,Fri,38.18,38,36.13,85794,-4105,-4.78,40.01,-1.83,-,-,-,-,-
Daily Detail,8/15/2015,2015,8,Sat,38.23,38,36.13,117288,-5216,-4.45,39.93,-1.7,-,-,-,-,-
Daily Detail,8/16/2015,2015,8,Sun,38.08,38,36.13,71056,-3533,-4.97,39.97,-1.89,-,-,-,-,-
Daily Detail,8/17/2015,2015,8,Mon,38.1,38,36.13,64394,-3111,-4.83,39.94,-1.84,-,-,-,-,-
Daily Detail,8/18/2015,2015,8,Tue,38.14,38,36.13,35166,-1676,-4.77,39.96,-1.82,-,-,-,-,-
Daily Detail,8/19/2015,2015,8,Wed,38.47,38,36.13,23234,-870,-3.74,39.91,-1.44,-,-,-,-,-
Daily Detail,8/20/2015,2015,8,Thu,38.5,38,36.13,24755,-652,-2.63,39.51,-1.01,-,-,-,-,-
Daily Detail,8/21/2015,2015,8,Fri,38.23,38,36.13,76691,-2001,-2.61,39.23,-1,-,-,-,-,-
Daily Detail,8/22/2015,2015,8,Sat,38.19,38,36.13,102231,-2482,-2.43,39.12,-0.93,-,-,-,-,-
Daily Detail,8/23/2015,2015,8,Sun,38.84,39,36.13,56975,-574,-1.01,39.23,-0.39,-,-,-,-,-
Daily Detail,8/24/2015,2015,8,Mon,38.9,39,36.13,59443,-342,-0.58,39.13,-0.22,-,-,-,-,-
Daily Detail,8/25/2015,2015,8,Tue,34.23,34,36.13,217683,-29293,-13.46,38.83,-4.61,-,-,-,-,-
Daily Detail,8/26/2015,2015,8,Wed,34.28,34,36.13,275459,-31633,-11.48,38.22,-3.94,-,-,-,-,-
Daily Detail,8/27/2015,2015,8,Thu,34.27,34,36.13,228732,-24113,-10.54,37.88,-3.61,-,-,-,-,-
Daily Detail,8/28/2015,2015,8,Fri,34.21,34,36.13,387639,-39144,-10.1,37.67,-3.45,-,-,-,-,-
Daily Detail,8/29/2015,2015,8,Sat,34.2,34,36.13,461188,-43390,-9.41,37.42,-3.22,-,-,-,-,-
Daily Detail,8/30/2015,2015,8,Sun,34.2,34,36.13,202250,-17902,-8.85,37.23,-3.03,-,-,-,-,-
Daily Detail,8/31/2015,2015,8,Mon,34.21,34,36.13,332560,-29410,-8.84,37.24,-3.03,-,-,-,-,-
Daily Detail,9/1/2015,2015,9,Tue,34.18,34,34.63,384807,-33295,-8.65,37.14,-2.96,-,-,-,-,-
Daily Detail,9/2/2015,2015,9,Wed,34.23,34,34.63,345776,-28040,-8.11,37,-2.78,-,-,-,-,-
Daily Detail,9/3/2015,2015,9,Thu,34.21,34,34.63,271551,-21793,-8.03,36.95,-2.75,-,-,-,-,-
Daily Detail,9/4/2015,2015,9,Fri,34.26,34,34.63,340440,-25920,-7.61,36.87,-2.61,-,-,-,-,-
Daily Detail,9/5/2015,2015,9,Sat,34.24,34,34.63,364417,-27711,-7.6,36.84,-2.6,-,-,-,-,-
Daily Detail,9/6/2015,2015,9,Sun,34.32,34,34.63,164720,-11928,-7.24,36.8,-2.49,-,-,-,-,-
Daily Detail,9/7/2015,2015,9,Mon,34.22,34,34.63,178921,-13587,-7.59,36.82,-2.6,-,-,-,-,-
Daily Detail,9/8/2015,2015,9,Tue,38.83,39,34.63,70287,3647,5.19,36.82,2.01,-,-,-,-,-
Daily Detail,9/9/2015,2015,9,Wed,38.76,39,34.63,76014,3803,5,36.82,1.94,-,-,-,-,-
Daily Detail,9/10/2015,2015,9,Thu,39.29,39,34.63,48407,3090,6.38,36.78,2.51,-,-,-,-,-
Daily Detail,9/11/2015,2015,9,Fri,39.17,39,34.63,85940,4380,5.1,37.17,2,-,-,-,-,-
Daily Detail,9/12/2015,2015,9,Sat,39.06,39,34.63,57382,3041,5.3,36.99,2.07,-,-,-,-,-
Daily Detail,9/13/2015,2015,9,Sun,39.18,39,34.63,32480,1716,5.28,37.11,2.07,-,-,-,-,-
Daily Detail,9/14/2015,2015,9,Mon,39.25,39,34.63,52160,2504,4.8,37.36,1.88,-,-,-,-,-
Daily Detail,9/15/2015,2015,9,Tue,39.23,39,34.63,51003,2401,4.71,37.39,1.85,-,-,-,-,-
Daily Detail,9/16/2015,2015,9,Wed,39.06,39,34.63,30195,1590,5.27,37.01,2.06,-,-,-,-,-
Daily Detail,9/17/2015,2015,9,Thu,39.15,39,34.63,29751,1667,5.6,36.95,2.19,-,-,-,-,-
Daily Detail,9/18/2015,2015,9,Fri,39.03,39,34.63,68505,3623,5.29,36.97,2.06,-,-,-,-,-
Daily Detail,9/19/2015,2015,9,Sat,39.07,39,34.63,68997,3785,5.49,36.93,2.14,-,-,-,-,-
Daily Detail,9/20/2015,2015,9,Sun,38.83,39,34.63,41856,2227,5.32,36.76,2.07,-,-,-,-,-
Daily Detail,9/21/2015,2015,9,Mon,39.42,39,34.63,44303,2818,6.36,36.91,2.51,-,-,-,-,-
Daily Detail,9/22/2015,2015,9,Tue,39.42,39,34.63,46599,2792,5.99,37.06,2.36,-,-,-,-,-
Daily Detail,9/23/2015,2015,9,Wed,33.61,34,34.63,125183,-13401,-10.71,37.2,-3.6,-,-,-,-,-
Daily Detail,9/24/2015,2015,9,Thu,33.4,33,34.63,150037,-17668,-11.78,37.33,-3.93,-,-,-,-,-
Daily Detail,9/25/2015,2015,9,Fri,33.37,33,34.63,368038,-45503,-12.36,37.49,-4.13,-,-,-,-,-
Daily Detail,9/26/2015,2015,9,Sat,33.37,33,34.63,351320,-46307,-13.18,37.77,-4.4,-,-,-,-,-
Daily Detail,9/27/2015,2015,9,Sun,33.36,33,34.63,163290,-22114,-13.54,37.88,-4.52,-,-,-,-,-
Daily Detail,9/28/2015,2015,9,Mon,33.37,33,34.63,190892,-25679,-13.45,37.86,-4.49,-,-,-,-,-
Daily Detail,9/29/2015,2015,9,Tue,33.37,33,34.63,143082,-19847,-13.87,38,-4.63,-,-,-,-,-
Daily Detail,9/30/2015,2015,9,Wed,33.38,33,34.63,323549,-44886,-13.87,38.01,-4.63,-,-,-,-,-
Daily Detail,10/1/2015,2015,10,Thu,33.35,33,35.68,402312,-56974,-14.16,38.07,-4.72,-,-,-,-,-
Daily Detail,10/2/2015,2015,10,Fri,33.48,33,35.68,393635,-54756,-13.91,38.13,-4.66,-,-,-,-,-
Daily Detail,10/3/2015,2015,10,Sat,33.4,33,35.68,451100,-64449,-14.29,38.17,-4.77,-,-,-,-,-
Daily Detail,10/4/2015,2015,10,Sun,33.34,33,35.68,202903,-29457,-14.52,38.19,-4.84,-,-,-,-,-
Daily Detail,10/5/2015,2015,10,Mon,33.37,33,35.68,294558,-42340,-14.37,38.16,-4.8,-,-,-,-,-
Daily Detail,10/6/2015,2015,10,Tue,33.4,33,35.68,221618,-31673,-14.29,38.17,-4.77,-,-,-,-,-
Daily Detail,10/7/2015,2015,10,Wed,39.44,39,35.68,63968,2025,3.17,38.19,1.25,-,-,-,-,-
Daily Detail,10/8/2015,2015,10,Thu,39.42,39,35.68,59610,1874,3.14,38.19,1.24,-,-,-,-,-
Daily Detail,10/9/2015,2015,10,Fri,39.42,39,35.68,126588,3966,3.13,38.19,1.24,-,-,-,-,-
Daily Detail,10/10/2015,2015,10,Sat,39.43,39,35.68,119755,3751,3.13,38.2,1.24,-,-,-,-,-
Daily Detail,10/11/2015,2015,10,Sun,39.43,39,35.68,57413,1795,3.13,38.2,1.23,-,-,-,-,-
Daily Detail,10/12/2015,2015,10,Mon,39.42,39,35.68,57749,1816,3.14,38.18,1.24,-,-,-,-,-
Daily Detail,10/13/2015,2015,10,Tue,39.43,39,35.68,40141,1260,3.14,38.19,1.24,-,-,-,-,-
Daily Detail,10/14/2015,2015,10,Wed,39.44,39,35.68,42196,1327,3.14,38.2,1.24,-,-,-,-,-
Daily Detail,10/15/2015,2015,10,Thu,39.42,39,35.68,53491,1692,3.16,38.17,1.25,-,-,-,-,-
Daily Detail,10/16/2015,2015,10,Fri,39.43,39,35.68,110809,3477,3.14,38.2,1.24,-,-,-,-,-
Daily Detail,10/17/2015,2015,10,Sat,39.42,39,35.68,111527,3503,3.14,38.18,1.24,-,-,-,-,-
Daily Detail,10/18/2015,2015,10,Sun,39.43,39,35.68,59808,1871,3.13,38.19,1.23,-,-,-,-,-
Daily Detail,10/19/2015,2015,10,Mon,39.43,39,35.68,55166,1729,3.13,38.2,1.24,-,-,-,-,-
Daily Detail,10/20/2015,2015,10,Tue,39.41,39,35.68,42055,1319,3.14,38.18,1.24,-,-,-,-,-
Daily Detail,10/21/2015,2015,10,Wed,39.44,39,35.68,53678,1678,3.13,38.21,1.23,-,-,-,-,-
Daily Detail,10/22/2015,2015,10,Thu,39.42,39,35.68,55930,1752,3.13,38.18,1.23,-,-,-,-,-
Daily Detail,10/23/2015,2015,10,Fri,36.84,37,35.68,185771,-6756,-3.64,38.18,-1.34,-,-,-,-,-
Daily Detail,10/24/2015,2015,10,Sat,36.83,37,35.68,253117,-9293,-3.67,38.19,-1.35,-,-,-,-,-
Daily Detail,10/25/2015,2015,10,Sun,36.86,37,35.68,118618,-4297,-3.62,38.2,-1.34,-,-,-,-,-
Daily Detail,10/26/2015,2015,10,Mon,36.85,37,35.68,123321,-4813,-3.9,38.28,-1.44,-,-,-,-,-
Daily Detail,10/27/2015,2015,10,Tue,36.84,37,35.68,117051,-5124,-4.38,38.46,-1.61,-,-,-,-,-
Daily Detail,10/28/2015,2015,10,Wed,35.15,35,35.68,159300,-15399,-9.67,38.55,-3.4,-,-,-,-,-
Daily Detail,10/29/2015,2015,10,Thu,36.85,37,35.68,119047,-5302,-4.45,38.49,-1.64,-,-,-,-,-
Daily Detail,10/30/2015,2015,10,Fri,36.88,37,35.68,285082,-12546,-4.4,38.5,-1.62,-,-,-,-,-
Daily Detail,10/31/2015,2015,10,Sat,35.13,35,35.68,391656,-38177,-9.75,38.56,-3.42,-,-,-,-,-
Daily Detail,11/1/2015,2015,11,Sun,36.84,37,35.18,274815,-13163,-4.79,38.61,-1.76,-,-,-,-,-
Daily Detail,11/2/2015,2015,11,Mon,36.84,37,35.18,269555,-12360,-4.59,38.53,-1.69,-,-,-,-,-
Daily Detail,11/3/2015,2015,11,Tue,36.85,37,35.18,192001,-9125,-4.75,38.6,-1.75,-,-,-,-,-
Daily Detail,11/4/2015,2015,11,Wed,35.14,35,35.18,201368,-19212,-9.54,38.49,-3.35,-,-,-,-,-
Daily Detail,11/5/2015,2015,11,Thu,36.85,37,35.18,111875,-4762,-4.26,38.42,-1.57,-,-,-,-,-
Daily Detail,11/6/2015,2015,11,Fri,36.85,37,35.18,214540,-9198,-4.29,38.43,-1.58,-,-,-,-,-
Daily Detail,11/7/2015,2015,11,Sat,35.09,35,35.18,280264,-26671,-9.52,38.43,-3.34,-,-,-,-,-
Daily Detail,11/8/2015,2015,11,Sun,36.85,37,35.18,134137,-6099,-4.55,38.53,-1.68,-,-,-,-,-
Daily Detail,11/9/2015,2015,11,Mon,40.31,40,35.18,94243,4294,4.56,38.47,1.84,-,-,-,-,-
Daily Detail,11/10/2015,2015,11,Tue,35.11,35,35.18,131436,-12387,-9.42,38.41,-3.31,-,-,-,-,-
Daily Detail,11/11/2015,2015,11,Wed,35.08,35,35.18,147894,-13772,-9.31,38.35,-3.27,-,-,-,-,-
Daily Detail,11/12/2015,2015,11,Thu,35.06,35,35.18,140238,-13243,-9.44,38.37,-3.31,-,-,-,-,-
Daily Detail,11/13/2015,2015,11,Fri,35.1,35,35.18,358184,-33126,-9.25,38.35,-3.25,-,-,-,-,-
Daily Detail,11/14/2015,2015,11,Sat,35.09,35,35.18,377937,-35073,-9.28,38.35,-3.26,-,-,-,-,-
Daily Detail,11/15/2015,2015,11,Sun,35.13,35,35.18,168730,-15943,-9.45,38.45,-3.32,-,-,-,-,-
Daily Detail,11/16/2015,2015,11,Mon,35.14,35,35.18,177193,-16422,-9.27,38.4,-3.26,-,-,-,-,-
Daily Detail,11/17/2015,2015,11,Tue,35.09,35,35.18,152369,-14256,-9.36,38.38,-3.28,-,-,-,-,-
Daily Detail,11/18/2015,2015,11,Wed,35.1,35,35.18,147472,-13931,-9.45,38.41,-3.32,-,-,-,-,-
Daily Detail,11/19/2015,2015,11,Thu,35.1,35,35.18,145697,-13621,-9.35,38.38,-3.28,-,-,-,-,-
Daily Detail,11/20/2015,2015,11,Fri,35.14,35,35.18,301034,-27931,-9.28,38.4,-3.26,-,-,-,-,-
Daily Detail,11/21/2015,2015,11,Sat,35.13,35,35.18,309518,-29202,-9.43,38.44,-3.31,-,-,-,-,-
Daily Detail,11/22/2015,2015,11,Sun,35.1,35,35.18,152505,-15096,-9.9,38.57,-3.47,-,-,-,-,-
Daily Detail,11/23/2015,2015,11,Mon,41.15,41,35.18,79712,5336,6.69,38.4,2.75,-,-,-,-,-
Daily Detail,11/24/2015,2015,11,Tue,35.13,35,35.18,111021,-10436,-9.4,38.44,-3.3,-,-,-,-,-
Daily Detail,11/25/2015,2015,11,Wed,35.12,35,35.18,243161,-22893,-9.41,38.42,-3.31,-,-,-,-,-
Daily Detail,11/26/2015,2015,11,Thu,33.59,34,35.18,311443,-43901,-14.1,38.32,-4.73,-,-,-,-,-
Daily Detail,11/27/2015,2015,11,Fri,33.39,33,35.18,375876,-55450,-14.75,38.32,-4.93,-,-,-,-,-
Daily Detail,11/28/2015,2015,11,Sat,33.39,33,35.18,434640,-64256,-14.78,38.32,-4.94,-,-,-,-,-
Daily Detail,11/29/2015,2015,11,Sun,33.43,33,35.18,238638,-35456,-14.86,38.39,-4.97,-,-,-,-,-
Daily Detail,11/30/2015,2015,11,Mon,35.11,35,35.18,260654,-23327,-8.95,38.26,-3.14,-,-,-,-,-
Daily Detail,12/1/2015,2015,12,Tue,35.11,35,36.41,262395,-23444,-8.93,38.24,-3.14,-,-,-,-,-
Daily Detail,12/2/2015,2015,12,Wed,35.21,35,36.41,248438,-21370,-8.6,38.24,-3.03,-,-,-,-,-
Daily Detail,12/3/2015,2015,12,Thu,35.07,35,36.41,201049,-18061,-8.98,38.23,-3.15,-,-,-,-,-
Daily Detail,12/4/2015,2015,12,Fri,35.15,35,36.41,317691,-27759,-8.74,38.22,-3.07,-,-,-,-,-
Daily Detail,12/5/2015,2015,12,Sat,35.25,35,36.41,378528,-31857,-8.42,38.22,-2.97,-,-,-,-,-
Daily Detail,12/6/2015,2015,12,Sun,35.5,35,36.41,195425,-15036,-7.69,38.23,-2.73,-,-,-,-,-
Daily Detail,12/7/2015,2015,12,Mon,41.15,41,36.41,90442,6442,7.12,38.22,2.93,-,-,-,-,-
Daily Detail,12/8/2015,2015,12,Tue,36.88,37,36.41,117649,-3991,-3.39,38.13,-1.25,-,-,-,-,-
Daily Detail,12/9/2015,2015,12,Wed,37.04,37,36.41,141285,-4158,-2.94,38.13,-1.09,-,-,-,-,-
Daily Detail,12/10/2015,2015,12,Thu,36.89,37,36.41,133184,-4542,-3.41,38.15,-1.26,-,-,-,-,-
Daily Detail,12/11/2015,2015,12,Fri,36.88,37,36.41,229672,-8000,-3.48,38.17,-1.28,-,-,-,-,-
Daily Detail,12/12/2015,2015,12,Sat,35.39,35,36.41,333489,-26132,-7.84,38.17,-2.77,-,-,-,-,-
Daily Detail,12/13/2015,2015,12,Sun,36.98,37,36.41,185423,-5967,-3.22,38.17,-1.19,-,-,-,-,-
Daily Detail,12/14/2015,2015,12,Mon,36.87,37,36.41,173833,-6038,-3.47,38.15,-1.28,-,-,-,-,-
Daily Detail,12/15/2015,2015,12,Tue,35.46,35,36.41,220272,-16851,-7.65,38.17,-2.71,-,-,-,-,-
Daily Detail,12/16/2015,2015,12,Wed,35.61,36,36.41,234468,-17026,-7.26,38.19,-2.59,-,-,-,-,-
Daily Detail,12/17/2015,2015,12,Thu,35.33,35,36.41,213778,-17216,-8.05,38.17,-2.85,-,-,-,-,-
Daily Detail,12/18/2015,2015,12,Fri,35.3,35,36.41,273563,-22292,-8.15,38.17,-2.88,-,-,-,-,-
Daily Detail,12/19/2015,2015,12,Sat,35.56,36,36.41,337507,-24716,-7.32,38.17,-2.6,-,-,-,-,-
Daily Detail,12/20/2015,2015,12,Sun,35.44,35,36.41,155313,-12109,-7.8,38.21,-2.76,-,-,-,-,-
Daily Detail,12/21/2015,2015,12,Mon,35.29,35,36.41,289243,-23542,-8.14,38.16,-2.87,-,-,-,-,-
Daily Detail,12/22/2015,2015,12,Tue,35.33,35,36.41,313125,-25175,-8.04,38.17,-2.84,-,-,-,-,-
Daily Detail,12/23/2015,2015,12,Wed,41.07,41,36.41,268330,18746,6.99,38.2,2.87,-,-,-,-,-
Daily Detail,12/24/2015,2015,12,Thu,41.11,41,36.41,392228,27832,7.1,38.2,2.92,-,-,-,-,-
Daily Detail,12/25/2015,2015,12,Fri,41.07,41,36.41,133729,9365,7,38.2,2.88,-,-,-,-,-
Daily Detail,12/26/2015,2015,12,Sat,41.12,41,36.41,82778,5902,7.13,38.19,2.93,-,-,-,-,-
Daily Detail,12/27/2015,2015,12,Sun,41.09,41,36.41,69523,4907,7.06,38.19,2.9,-,-,-,-,-
Daily Detail,12/28/2015,2015,12,Mon,41.13,41,36.41,133021,9520,7.16,38.19,2.94,-,-,-,-,-
Daily Detail,12/29/2015,2015,12,Tue,35.12,35,36.41,161268,-14110,-8.75,38.19,-3.07,-,-,-,-,-
Daily Detail,12/30/2015,2015,12,Wed,35.09,35,36.41,208583,-18477,-8.86,38.19,-3.11,-,-,-,-,-
Daily Detail,12/31/2015,2015,12,Thu,35.12,35,36.41,325458,-28472,-8.75,38.2,-3.07,-,-,-,-,-
Daily Detail,1/1/2016,2016,1,Fri,35.12,35,35.89,111650,-9798,-8.78,38.2,-3.08,-,-,-,-,-
Daily Detail,1/2/2016,2016,1,Sat,35.09,35,35.89,262421,-23255,-8.86,38.2,-3.11,-,-,-,-,-
Daily Detail,1/3/2016,2016,1,Sun,35.05,35,35.89,164528,-14781,-8.98,38.2,-3.15,-,-,-,-,-
Daily Detail,1/4/2016,2016,1,Mon,35.06,35,35.89,274990,-24586,-8.94,38.2,-3.13,-,-,-,-,-
Daily Detail,1/5/2016,2016,1,Tue,35.08,35,35.89,215738,-18904,-8.76,38.15,-3.07,-,-,-,-,-
Daily Detail,1/6/2016,2016,1,Wed,41.09,41,35.89,98647,7036,7.13,38.16,2.93,-,-,-,-,-
Daily Detail,1/7/2016,2016,1,Thu,41.15,41,35.89,74401,5412,7.27,38.16,2.99,-,-,-,-,-
Daily Detail,1/8/2016,2016,1,Fri,41.09,41,35.89,106592,7570,7.1,38.17,2.92,-,-,-,-,-
Daily Detail,1/9/2016,2016,1,Sat,41.12,41,35.89,134630,9667,7.18,38.17,2.95,-,-,-,-,-
Daily Detail,1/10/2016,2016,1,Sun,41.13,41,35.89,90774,6475,7.13,38.2,2.93,-,-,-,-,-
Daily Detail,1/11/2016,2016,1,Mon,41.16,41,35.89,121373,8823,7.27,38.17,2.99,-,-,-,-,-
Daily Detail,1/12/2016,2016,1,Tue,41.14,41,35.89,99446,7219,7.26,38.16,2.99,-,-,-,-,-
Daily Detail,1/13/2016,2016,1,Wed,41.11,41,35.89,67588,4828,7.14,38.18,2.94,-,-,-,-,-
Daily Detail,1/14/2016,2016,1,Thu,41.15,41,35.89,61686,4495,7.29,38.15,3,-,-,-,-,-
Daily Detail,1/15/2016,2016,1,Fri,41.12,41,35.89,150007,10762,7.17,38.17,2.95,-,-,-,-,-
Daily Detail,1/16/2016,2016,1,Sat,41.12,41,35.89,191287,13710,7.17,38.17,2.95,-,-,-,-,-
Daily Detail,1/17/2016,2016,1,Sun,41.12,41,35.89,92595,6577,7.1,38.2,2.92,-,-,-,-,-
Daily Detail,1/18/2016,2016,1,Mon,41.13,41,35.89,96947,6986,7.21,38.17,2.96,-,-,-,-,-
Daily Detail,1/19/2016,2016,1,Tue,41.12,41,35.89,70513,5060,7.18,38.17,2.95,-,-,-,-,-
Daily Detail,1/20/2016,2016,1,Wed,33.41,33,35.89,159590,-22761,-14.26,38.18,-4.77,-,-,-,-,-
Daily Detail,1/21/2016,2016,1,Thu,41.18,41,35.89,67046,5152,7.68,38.02,3.16,-,-,-,-,-
Daily Detail,1/22/2016,2016,1,Fri,34.2,34,35.89,266949,-27374,-10.25,37.7,-3.51,-,-,-,-,-
Daily Detail,1/23/2016,2016,1,Sat,34.23,34,35.89,315272,-30821,-9.78,37.58,-3.35,-,-,-,-,-
Daily Detail,1/24/2016,2016,1,Sun,34.28,34,35.89,149139,-14367,-9.63,37.58,-3.3,-,-,-,-,-
Daily Detail,1/25/2016,2016,1,Mon,34.27,34,35.89,215171,-19451,-9.04,37.37,-3.1,-,-,-,-,-
Daily Detail,1/26/2016,2016,1,Tue,34.25,34,35.89,205198,-16734,-8.16,37.04,-2.79,-,-,-,-,-
Daily Detail,1/27/2016,2016,1,Wed,34.23,34,35.89,214452,-17278,-8.06,36.99,-2.76,-,-,-,-,-
Daily Detail,1/28/2016,2016,1,Thu,34.21,34,35.89,195768,-14872,-7.6,36.81,-2.6,-,-,-,-,-
Daily Detail,1/29/2016,2016,1,Fri,33.44,33,35.89,397984,-39215,-9.85,36.74,-3.3,-,-,-,-,-
Daily Detail,1/30/2016,2016,1,Sat,33.41,33,35.89,512603,-49269,-9.61,36.62,-3.21,-,-,-,-,-
Daily Detail,1/31/2016,2016,1,Sun,33.43,33,35.89,218104,-20558,-9.43,36.58,-3.15,-,-,-,-,-
Daily Detail,2/1/2016,2016,2,Mon,33.39,33,36.78,339004,-32173,-9.49,36.56,-3.17,-,-,-,-,-
Daily Detail,2/2/2016,2016,2,Tue,34.27,34,36.78,278116,-17530,-6.3,36.43,-2.16,-,-,-,-,-
Daily Detail,2/3/2016,2016,2,Wed,34.25,34,36.78,264159,-16233,-6.15,36.36,-2.1,-,-,-,-,-
Daily Detail,2/4/2016,2016,2,Thu,34.34,34,36.78,197778,-11594,-5.86,36.36,-2.01,-,-,-,-,-
Daily Detail,2/5/2016,2016,2,Fri,34.29,34,36.78,325749,-19539,-6,36.34,-2.06,-,-,-,-,-
Daily Detail,2/6/2016,2016,2,Sat,34.28,34,36.78,371562,-22322,-6.01,36.34,-2.06,-,-,-,-,-
Daily Detail,2/7/2016,2016,2,Sun,34.31,34,36.78,174582,-10459,-5.99,36.36,-2.06,-,-,-,-,-
Daily Detail,2/8/2016,2016,2,Mon,34.25,34,36.78,208489,-12884,-6.18,36.37,-2.12,-,-,-,-,-
Daily Detail,2/9/2016,2016,2,Tue,41.16,41,36.78,84495,9813,11.61,36.38,4.78,-,-,-,-,-
Daily Detail,2/10/2016,2016,2,Wed,42.01,42,36.78,76661,10281,13.41,36.37,5.63,-,-,-,-,-
Daily Detail,2/11/2016,2016,2,Thu,41.99,42,36.78,64035,8544,13.34,36.39,5.6,-,-,-,-,-
Daily Detail,2/12/2016,2016,2,Fri,42.02,42,36.78,148840,19257,12.94,36.58,5.44,-,-,-,-,-
Daily Detail,2/13/2016,2016,2,Sat,42.03,42,36.78,172542,22003,12.75,36.67,5.36,-,-,-,-,-
Daily Detail,2/14/2016,2016,2,Sun,42.02,42,36.78,87992,11613,13.2,36.48,5.55,-,-,-,-,-
Daily Detail,2/15/2016,2016,2,Mon,41.99,42,36.78,123445,14776,11.97,36.96,5.03,-,-,-,-,-
Daily Detail,2/16/2016,2016,2,Tue,42.01,42,36.78,77345,9076,11.73,37.08,4.93,-,-,-,-,-
Daily Detail,2/17/2016,2016,2,Wed,35.1,35,36.78,158963,-8559,-5.38,36.99,-1.89,-,-,-,-,-
Daily Detail,2/18/2016,2016,2,Thu,41.98,42,36.78,69598,8105,11.65,37.09,4.89,-,-,-,-,-
Daily Detail,2/19/2016,2016,2,Fri,41.99,42,36.78,161276,17830,11.06,37.35,4.64,-,-,-,-,-
Daily Detail,2/20/2016,2016,2,Sat,35.12,35,36.78,325215,-20231,-6.22,37.31,-2.18,-,-,-,-,-
Daily Detail,2/21/2016,2016,2,Sun,42.01,42,36.78,96957,10502,10.83,37.46,4.55,-,-,-,-,-
Daily Detail,2/22/2016,2016,2,Mon,42.02,42,36.78,85224,9263,10.87,37.46,4.57,-,-,-,-,-
Daily Detail,2/23/2016,2016,2,Tue,41.98,42,36.78,54613,5541,10.15,37.72,4.26,-,-,-,-,-
Daily Detail,2/24/2016,2016,2,Wed,36.84,37,36.78,81531,-207,-0.25,36.94,-0.09,-,-,-,-,-
Daily Detail,2/25/2016,2016,2,Thu,36.55,37,36.78,160948,-1649,-1.02,36.92,-0.37,-,-,-,-,-
Daily Detail,2/26/2016,2016,2,Fri,38.24,38,36.78,188736,5633,2.98,37.1,1.14,-,-,-,-,-
Daily Detail,2/27/2016,2016,2,Sat,38.5,39,36.78,215952,5919,2.74,37.45,1.06,-,-,-,-,-
Daily Detail,2/28/2016,2016,2,Sun,39.11,39,36.78,134996,5057,3.75,37.64,1.46,-,-,-,-,-
Daily Detail,2/29/2016,2016,2,Mon,38.19,38,36.78,163079,2746,1.68,37.55,0.64,-,-,-,-,-
Daily Detail,3/1/2016,2016,3,Tue,38.32,38,39.79,180829,-2133,-1.18,38.77,-0.45,-,-,-,-,-
Daily Detail,3/2/2016,2016,3,Wed,38.46,38,39.79,171196,-3233,-1.89,39.19,-0.73,-,-,-,-,-
Daily Detail,3/3/2016,2016,3,Thu,38.56,39,39.79,129719,-2243,-1.73,39.23,-0.67,-,-,-,-,-
Daily Detail,3/4/2016,2016,3,Fri,38.78,39,39.79,142128,-1911,-1.34,39.3,-0.52,-,-,-,-,-
Daily Detail,3/5/2016,2016,3,Sat,39.12,39,39.79,152124,-1254,-0.82,39.44,-0.32,-,-,-,-,-
Daily Detail,3/6/2016,2016,3,Sun,39.39,39,39.79,74133,-199,-0.27,39.5,-0.11,-,-,-,-,-
Daily Detail,3/7/2016,2016,3,Mon,37.9,38,39.79,91143,-4025,-4.42,39.57,-1.67,-,-,-,-,-
Daily Detail,3/8/2016,2016,3,Tue,38.38,38,39.79,60528,-1815,-3,39.53,-1.15,-,-,-,-,-
Daily Detail,3/9/2016,2016,3,Wed,41.99,42,39.79,38341,2423,6.32,39.34,2.65,-,-,-,-,-
Daily Detail,3/10/2016,2016,3,Thu,41.99,42,39.79,37453,2345,6.26,39.36,2.63,-,-,-,-,-
Daily Detail,3/11/2016,2016,3,Fri,42.05,42,39.79,77997,4945,6.34,39.38,2.67,-,-,-,-,-
Daily Detail,3/12/2016,2016,3,Sat,42.04,42,39.79,79752,4789,6,39.52,2.52,-,-,-,-,-
Daily Detail,3/13/2016,2016,3,Sun,42.08,42,39.79,37156,2193,5.9,39.6,2.48,-,-,-,-,-
Daily Detail,3/14/2016,2016,3,Mon,42.06,42,39.79,45047,2679,5.95,39.56,2.5,-,-,-,-,-
Daily Detail,3/15/2016,2016,3,Tue,42.04,42,39.79,55489,3226,5.81,39.59,2.44,-,-,-,-,-
Daily Detail,3/16/2016,2016,3,Wed,42.02,42,39.79,41893,2398,5.72,39.61,2.41,-,-,-,-,-
Daily Detail,3/17/2016,2016,3,Thu,42.04,42,39.79,34349,2056,5.99,39.53,2.52,-,-,-,-,-
Daily Detail,3/18/2016,2016,3,Fri,41.95,42,39.79,78277,4530,5.79,39.52,2.43,-,-,-,-,-
Daily Detail,3/19/2016,2016,3,Sat,42,42,39.79,92851,5399,5.81,39.55,2.44,-,-,-,-,-
Daily Detail,3/20/2016,2016,3,Sun,42.06,42,39.79,54846,3220,5.87,39.59,2.47,-,-,-,-,-
Daily Detail,3/21/2016,2016,3,Mon,42.03,42,39.79,48038,2850,5.93,39.53,2.49,-,-,-,-,-
Daily Detail,3/22/2016,2016,3,Tue,41.9,42,39.79,65906,3882,5.89,39.43,2.47,-,-,-,-,-
Daily Detail,3/23/2016,2016,3,Wed,41.1,41,39.79,84870,3397,4,39.45,1.65,-,-,-,-,-
Daily Detail,3/24/2016,2016,3,Thu,39.84,40,39.79,262460,3162,1.2,39.36,0.48,-,-,-,-,-
Daily Detail,3/25/2016,2016,3,Fri,40.36,40,39.79,228124,5916,2.59,39.31,1.05,-,-,-,-,-
Daily Detail,3/26/2016,2016,3,Sat,39.71,40,39.79,162929,1494,0.92,39.35,0.36,-,-,-,-,-
Daily Detail,3/27/2016,2016,3,Sun,39.81,40,39.79,58360,678,1.16,39.35,0.46,-,-,-,-,-
Daily Detail,3/28/2016,2016,3,Mon,39.6,40,39.79,85605,583,0.68,39.33,0.27,-,-,-,-,-
Daily Detail,3/29/2016,2016,3,Tue,39.37,39,39.79,84836,241,0.28,39.26,0.11,-,-,-,-,-
Daily Detail,3/30/2016,2016,3,Wed,36.83,37,39.79,64309,-4119,-6.41,39.19,-2.36,-,-,-,-,-
Daily Detail,3/31/2016,2016,3,Thu,36.91,37,39.79,131168,-7421,-5.66,39,-2.09,-,-,-,-,-
Daily Detail,4/1/2016,2016,4,Fri,37,37,34.99,232410,-12949,-5.57,39.06,-2.06,-,-,-,-,-
Daily Detail,4/2/2016,2016,4,Sat,37.24,37,34.99,195831,-9612,-4.91,39.07,-1.83,-,-,-,-,-
Daily Detail,4/3/2016,2016,4,Sun,37.09,37,34.99,90717,-4826,-5.32,39.06,-1.97,-,-,-,-,-
Daily Detail,4/4/2016,2016,4,Mon,39.35,39,34.99,131638,938,0.71,39.07,0.28,-,-,-,-,-
Daily Detail,4/5/2016,2016,4,Tue,40,40,34.99,81911,1941,2.37,39.05,0.95,-,-,-,-,-
Daily Detail,4/6/2016,2016,4,Wed,42.07,42,34.99,54822,4022,7.34,38.99,3.09,-,-,-,-,-
Daily Detail,4/7/2016,2016,4,Thu,35.26,35,34.99,155615,-15977,-10.27,38.88,-3.62,-,-,-,-,-
Daily Detail,4/8/2016,2016,4,Fri,35.24,35,34.99,264087,-27292,-10.33,38.88,-3.64,-,-,-,-,-
Daily Detail,4/9/2016,2016,4,Sat,35.25,35,34.99,272761,-25403,-9.31,38.53,-3.28,-,-,-,-,-
Daily Detail,4/10/2016,2016,4,Sun,35.39,35,34.99,104689,-8920,-8.52,38.41,-3.02,-,-,-,-,-
Daily Detail,4/11/2016,2016,4,Mon,35.33,35,34.99,131171,-10852,-8.27,38.25,-2.92,-,-,-,-,-
Daily Detail,4/12/2016,2016,4,Tue,35.15,35,34.99,123179,-9536,-7.74,37.88,-2.72,-,-,-,-,-
Daily Detail,4/13/2016,2016,4,Wed,35.21,35,34.99,124431,-8458,-6.8,37.6,-2.39,-,-,-,-,-
Daily Detail,4/14/2016,2016,4,Thu,35.25,35,34.99,162167,-10059,-6.2,37.43,-2.19,-,-,-,-,-
Daily Detail,4/15/2016,2016,4,Fri,35.25,35,34.99,354042,-19158,-5.41,37.15,-1.91,-,-,-,-,-
Daily Detail,4/16/2016,2016,4,Sat,35.2,35,34.99,327352,-17987,-5.49,37.13,-1.93,-,-,-,-,-
Daily Detail,4/17/2016,2016,4,Sun,35.23,35,34.99,164809,-10358,-6.28,37.44,-2.21,-,-,-,-,-
Daily Detail,4/18/2016,2016,4,Mon,35.2,35,34.99,151158,-8671,-5.74,37.22,-2.02,-,-,-,-,-
Daily Detail,4/19/2016,2016,4,Tue,35.19,35,34.99,126896,-6830,-5.38,37.08,-1.89,-,-,-,-,-
Daily Detail,4/20/2016,2016,4,Wed,34.39,34,34.99,166395,-12626,-7.59,37,-2.61,-,-,-,-,-
Daily Detail,4/21/2016,2016,4,Thu,34.15,34,34.99,167796,-14689,-8.75,37.14,-2.99,-,-,-,-,-
Daily Detail,4/22/2016,2016,4,Fri,34.19,34,34.99,351146,-28952,-8.25,37.01,-2.82,-,-,-,-,-
Daily Detail,4/23/2016,2016,4,Sat,34.16,34,34.99,420739,-34676,-8.24,36.97,-2.82,-,-,-,-,-
Daily Detail,4/24/2016,2016,4,Sun,34.14,34,34.99,186166,-16225,-8.72,37.12,-2.98,-,-,-,-,-
Daily Detail,4/25/2016,2016,4,Mon,34.11,34,34.99,251450,-21805,-8.67,37.07,-2.96,-,-,-,-,-
Daily Detail,4/26/2016,2016,4,Tue,34.14,34,34.99,280322,-22148,-7.9,36.84,-2.7,-,-,-,-,-
Daily Detail,4/27/2016,2016,4,Wed,34.14,34,34.99,313435,-24496,-7.82,36.8,-2.67,-,-,-,-,-
Daily Detail,4/28/2016,2016,4,Thu,34.22,34,34.99,257325,-19527,-7.59,36.82,-2.6,-,-,-,-,-
Daily Detail,4/29/2016,2016,4,Fri,34.2,34,34.99,455554,-33661,-7.39,36.73,-2.53,-,-,-,-,-
Daily Detail,4/30/2016,2016,4,Sat,34.21,34,34.99,556865,-42061,-7.55,36.8,-2.58,-,-,-,-,-
Daily Detail,5/1/2016,2016,5,Sun,34.16,34,35.34,354856,-25655,-7.23,36.63,-2.47,-,-,-,-,-
Daily Detail,5/2/2016,2016,5,Mon,34.14,34,35.34,283285,-21713,-7.66,36.76,-2.62,-,-,-,-,-
Daily Detail,5/3/2016,2016,5,Tue,34.13,34,35.34,297501,-22285,-7.49,36.69,-2.56,-,-,-,-,-
Daily Detail,5/4/2016,2016,5,Wed,34.19,34,35.34,285968,-19539,-6.83,36.53,-2.34,-,-,-,-,-
Daily Detail,5/5/2016,2016,5,Thu,34.15,34,35.34,237947,-16580,-6.97,36.53,-2.38,-,-,-,-,-
Daily Detail,5/6/2016,2016,5,Fri,34.18,34,35.34,340852,-23509,-6.9,36.53,-2.36,-,-,-,-,-
Daily Detail,5/7/2016,2016,5,Sat,34.16,34,35.34,388188,-26457,-6.82,36.49,-2.33,-,-,-,-,-
Daily Detail,5/8/2016,2016,5,Sun,34.16,34,35.34,139179,-9552,-6.86,36.51,-2.34,-,-,-,-,-
Daily Detail,5/9/2016,2016,5,Mon,42.05,42,35.34,66400,8658,13.04,36.57,5.48,-,-,-,-,-
Daily Detail,5/10/2016,2016,5,Tue,42.05,42,35.34,42724,5611,13.13,36.53,5.52,-,-,-,-,-
Daily Detail,5/11/2016,2016,5,Wed,42.08,42,35.34,35014,4620,13.19,36.53,5.55,-,-,-,-,-
Daily Detail,5/12/2016,2016,5,Thu,42.06,42,35.34,27210,3640,13.38,36.43,5.63,-,-,-,-,-
Daily Detail,5/13/2016,2016,5,Fri,42.07,42,35.34,79840,10761,13.48,36.4,5.67,-,-,-,-,-
Daily Detail,5/14/2016,2016,5,Sat,42.06,42,35.34,82484,11058,13.41,36.42,5.64,-,-,-,-,-
Daily Detail,5/15/2016,2016,5,Sun,42.07,42,35.34,51497,6885,13.37,36.45,5.63,-,-,-,-,-
Daily Detail,5/16/2016,2016,5,Mon,42.07,42,35.34,42872,5733,13.37,36.45,5.63,-,-,-,-,-
Daily Detail,5/17/2016,2016,5,Tue,42.05,42,35.34,39105,5215,13.34,36.44,5.61,-,-,-,-,-
Daily Detail,5/18/2016,2016,5,Wed,42.06,42,35.34,34407,4523,13.15,36.53,5.53,-,-,-,-,-
Daily Detail,5/19/2016,2016,5,Thu,42.05,42,35.34,39404,5174,13.13,36.53,5.52,-,-,-,-,-
Daily Detail,5/20/2016,2016,5,Fri,42.06,42,35.34,96831,12905,13.33,36.46,5.61,-,-,-,-,-
Daily Detail,5/21/2016,2016,5,Sat,42.06,42,35.34,99380,13200,13.28,36.47,5.59,-,-,-,-,-
Daily Detail,5/22/2016,2016,5,Sun,42.06,42,35.34,61656,8192,13.29,36.47,5.59,-,-,-,-,-
Daily Detail,5/23/2016,2016,5,Mon,42.07,42,35.34,69164,9216,13.32,36.46,5.61,-,-,-,-,-
Daily Detail,5/24/2016,2016,5,Tue,35.08,35,35.34,113113,-4302,-3.8,36.42,-1.33,-,-,-,-,-
Daily Detail,5/25/2016,2016,5,Wed,34.32,34,35.34,253686,-15289,-6.03,36.39,-2.07,-,-,-,-,-
Daily Detail,5/26/2016,2016,5,Thu,34.26,34,35.34,210305,-12984,-6.17,36.38,-2.12,-,-,-,-,-
Daily Detail,5/27/2016,2016,5,Fri,34.27,34,35.34,364087,-22413,-6.16,36.38,-2.11,-,-,-,-,-
Daily Detail,5/28/2016,2016,5,Sat,34.3,34,35.34,397480,-24194,-6.09,36.38,-2.09,-,-,-,-,-
Daily Detail,5/29/2016,2016,5,Sun,34.24,34,35.34,204028,-12749,-6.25,36.38,-2.14,-,-,-,-,-
Daily Detail,5/30/2016,2016,5,Mon,34.23,34,35.34,172798,-10918,-6.32,36.39,-2.16,-,-,-,-,-
Daily Detail,5/31/2016,2016,5,Tue,34.34,34,35.34,258971,-15415,-5.95,36.38,-2.04,-,-,-,-,-
Daily Detail,6/1/2016,2016,6,Wed,34.27,34,34.29,368790,-23134,-6.27,36.42,-2.15,-,-,-,-,-
Daily Detail,6/2/2016,2016,6,Thu,34.25,34,34.29,278071,-17477,-6.29,36.4,-2.15,-,-,-,-,-
Daily Detail,6/3/2016,2016,6,Fri,34.32,34,34.29,373959,-22365,-5.98,36.37,-2.05,-,-,-,-,-
Daily Detail,6/4/2016,2016,6,Sat,34.29,34,34.29,402057,-24409,-6.07,36.37,-2.08,-,-,-,-,-
Daily Detail,6/5/2016,2016,6,Sun,34.25,34,34.29,205719,-12689,-6.17,36.36,-2.11,-,-,-,-,-
Daily Detail,6/6/2016,2016,6,Mon,34.26,34,34.29,177627,-11003,-6.19,36.38,-2.12,-,-,-,-,-
Daily Detail,6/7/2016,2016,6,Tue,42.05,42,34.29,70442,9531,13.53,36.36,5.69,-,-,-,-,-
Daily Detail,6/8/2016,2016,6,Wed,34.19,34,34.29,162924,-10369,-6.36,36.37,-2.18,-,-,-,-,-
Daily Detail,6/9/2016,2016,6,Thu,35.1,35,34.29,138753,-5038,-3.63,36.38,-1.27,-,-,-,-,-
Daily Detail,6/10/2016,2016,6,Fri,35.11,35,34.29,252458,-9044,-3.58,36.37,-1.26,-,-,-,-,-
Daily Detail,6/11/2016,2016,6,Sat,34.27,34,34.29,293918,-17936,-6.1,36.36,-2.09,-,-,-,-,-
Daily Detail,6/12/2016,2016,6,Sun,35.09,35,34.29,138350,-4997,-3.61,36.35,-1.27,-,-,-,-,-
Daily Detail,6/13/2016,2016,6,Mon,35.09,35,34.29,130067,-4884,-3.75,36.4,-1.32,-,-,-,-,-
Daily Detail,6/14/2016,2016,6,Tue,35.09,35,34.29,107169,-4004,-3.74,36.4,-1.31,-,-,-,-,-
Daily Detail,6/15/2016,2016,6,Wed,34.25,34,34.29,224031,-13904,-6.21,36.38,-2.13,-,-,-,-,-
Daily Detail,6/16/2016,2016,6,Thu,35.12,35,34.29,201918,-7178,-3.55,36.37,-1.25,-,-,-,-,-
Daily Detail,6/17/2016,2016,6,Fri,35.09,35,34.29,329344,-11909,-3.62,36.36,-1.27,-,-,-,-,-
Daily Detail,6/18/2016,2016,6,Sat,34.25,34,34.29,308643,-19029,-6.17,36.36,-2.11,-,-,-,-,-
Daily Detail,6/19/2016,2016,6,Sun,35.1,35,34.29,134472,-4914,-3.65,36.38,-1.28,-,-,-,-,-
Daily Detail,6/20/2016,2016,6,Mon,35.1,35,34.29,143810,-5144,-3.58,36.36,-1.26,-,-,-,-,-
Daily Detail,6/21/2016,2016,6,Tue,35.12,35,34.29,123252,-4281,-3.47,36.34,-1.22,-,-,-,-,-
Daily Detail,6/22/2016,2016,6,Wed,42.04,42,34.29,40067,5508,13.75,36.26,5.78,-,-,-,-,-
Daily Detail,6/23/2016,2016,6,Thu,33.39,33,34.29,143753,-11907,-8.28,36.16,-2.77,-,-,-,-,-
Daily Detail,6/24/2016,2016,6,Fri,33.42,33,34.29,389904,-32469,-8.33,36.2,-2.78,-,-,-,-,-
Daily Detail,6/25/2016,2016,6,Sat,33.44,33,34.29,461281,-37629,-8.16,36.17,-2.73,-,-,-,-,-
Daily Detail,6/26/2016,2016,6,Sun,33.37,33,34.29,221579,-18871,-8.52,36.21,-2.84,-,-,-,-,-
Daily Detail,6/27/2016,2016,6,Mon,33.41,33,34.29,253702,-20724,-8.17,36.14,-2.73,-,-,-,-,-
Daily Detail,6/28/2016,2016,6,Tue,33.4,33,34.29,200616,-16489,-8.22,36.14,-2.74,-,-,-,-,-
Daily Detail,6/29/2016,2016,6,Wed,33.37,33,34.29,211701,-17323,-8.18,36.1,-2.73,-,-,-,-,-
Daily Detail,6/30/2016,2016,6,Thu,33.34,33,34.29,282758,-23136,-8.18,36.06,-2.73,-,-,-,-,-
Daily Detail,7/1/2016,2016,7,Fri,33.39,33,36.68,479010,-38732,-8.09,36.09,-2.7,-,-,-,-,-
Daily Detail,7/2/2016,2016,7,Sat,33.4,33,36.68,454543,-35944,-7.91,36.04,-2.64,-,-,-,-,-
Daily Detail,7/3/2016,2016,7,Sun,33.36,33,36.68,242185,-19350,-7.99,36.03,-2.67,-,-,-,-,-
Daily Detail,7/4/2016,2016,7,Mon,33.39,33,36.68,281532,-22520,-8,36.06,-2.67,-,-,-,-,-
Daily Detail,7/5/2016,2016,7,Tue,33.35,33,36.68,219363,-17663,-8.05,36.04,-2.69,-,-,-,-,-
Daily Detail,7/6/2016,2016,7,Wed,33.45,33,36.68,204006,-15717,-7.7,36.03,-2.58,-,-,-,-,-
Daily Detail,7/7/2016,2016,7,Thu,42.07,42,36.68,69579,9980,14.34,36.03,6.03,-,-,-,-,-
Daily Detail,7/8/2016,2016,7,Fri,42.06,42,36.68,87185,12530,14.37,36.01,6.04,-,-,-,-,-
Daily Detail,7/9/2016,2016,7,Sat,42.06,42,36.68,78700,11333,14.4,36.01,6.06,-,-,-,-,-
Daily Detail,7/10/2016,2016,7,Sun,42.08,42,36.68,39810,5718,14.36,36.04,6.04,-,-,-,-,-
Daily Detail,7/11/2016,2016,7,Mon,42.05,42,36.68,45839,6608,14.42,35.99,6.06,-,-,-,-,-
Daily Detail,7/12/2016,2016,7,Tue,42.07,42,36.68,36852,5278,14.32,36.04,6.03,-,-,-,-,-
Daily Detail,7/13/2016,2016,7,Wed,42.06,42,36.68,33226,4737,14.26,36.06,6,-,-,-,-,-
Daily Detail,7/14/2016,2016,7,Thu,42.08,42,36.68,30423,4369,14.36,36.04,6.04,-,-,-,-,-
Daily Detail,7/15/2016,2016,7,Fri,42.07,42,36.68,80346,11558,14.39,36.01,6.05,-,-,-,-,-
Daily Detail,7/16/2016,2016,7,Sat,42.06,42,36.68,95297,13641,14.31,36.04,6.02,-,-,-,-,-
Daily Detail,7/17/2016,2016,7,Sun,42.04,42,36.68,45324,6514,14.37,36,6.04,-,-,-,-,-
Daily Detail,7/18/2016,2016,7,Mon,42.06,42,36.68,51604,7381,14.3,36.04,6.02,-,-,-,-,-
Daily Detail,7/19/2016,2016,7,Tue,42.08,42,36.68,37870,5433,14.35,36.04,6.04,-,-,-,-,-
Daily Detail,7/20/2016,2016,7,Wed,42.05,42,36.68,42724,6117,14.32,36.03,6.02,-,-,-,-,-
Daily Detail,7/21/2016,2016,7,Thu,42.07,42,36.68,35170,5037,14.32,36.04,6.03,-,-,-,-,-
Daily Detail,7/22/2016,2016,7,Fri,42.06,42,36.68,61148,8764,14.33,36.03,6.03,-,-,-,-,-
Daily Detail,7/23/2016,2016,7,Sat,42.06,42,36.68,77172,11058,14.33,36.03,6.03,-,-,-,-,-
Daily Detail,7/24/2016,2016,7,Sun,42.06,42,36.68,40881,5862,14.34,36.03,6.03,-,-,-,-,-
Daily Detail,7/25/2016,2016,7,Mon,42.08,42,36.68,43086,6199,14.39,36.02,6.05,-,-,-,-,-
Daily Detail,7/26/2016,2016,7,Tue,42.05,42,36.68,43895,6290,14.33,36.02,6.02,-,-,-,-,-
Daily Detail,7/27/2016,2016,7,Wed,42.07,42,36.68,67781,9585,14.14,36.12,5.95,-,-,-,-,-
Daily Detail,7/28/2016,2016,7,Thu,42.06,42,36.68,51908,7363,14.18,36.1,5.97,-,-,-,-,-
Daily Detail,7/29/2016,2016,7,Fri,42.06,42,36.68,93509,13162,14.08,36.14,5.92,-,-,-,-,-
Daily Detail,7/30/2016,2016,7,Sat,42.06,42,36.68,95344,13470,14.13,36.12,5.94,-,-,-,-,-
Daily Detail,7/31/2016,2016,7,Sun,42.06,42,36.68,59515,8370,14.06,36.14,5.92,-,-,-,-,-
Daily Detail,8/1/2016,2016,8,Mon,42.08,42,35.13,65134,9188,14.11,36.14,5.94,-,-,-,-,-
Daily Detail,8/2/2016,2016,8,Tue,42.07,42,35.13,70641,10011,14.17,36.11,5.96,-,-,-,-,-
Daily Detail,8/3/2016,2016,8,Wed,42.05,42,35.13,48442,6831,14.1,36.12,5.93,-,-,-,-,-
Daily Detail,8/4/2016,2016,8,Thu,42.04,42,35.13,46291,6508,14.06,36.13,5.91,-,-,-,-,-
Daily Detail,8/5/2016,2016,8,Fri,42.07,42,35.13,73453,10067,13.71,36.3,5.77,-,-,-,-,-
Daily Detail,8/6/2016,2016,8,Sat,42.06,42,35.13,71509,10008,14,36.18,5.89,-,-,-,-,-
Daily Detail,8/7/2016,2016,8,Sun,42.05,42,35.13,30066,4194,13.95,36.18,5.87,-,-,-,-,-
Daily Detail,8/8/2016,2016,8,Mon,42.06,42,35.13,37727,5237,13.88,36.22,5.84,-,-,-,-,-
Daily Detail,8/9/2016,2016,8,Tue,42.06,42,35.13,30832,4255,13.8,36.26,5.8,-,-,-,-,-
Daily Detail,8/10/2016,2016,8,Wed,34.29,34,35.13,146811,-8325,-5.67,36.23,-1.94,-,-,-,-,-
Daily Detail,8/11/2016,2016,8,Thu,34.83,35,35.13,99867,-3960,-3.97,36.21,-1.38,-,-,-,-,-
Daily Detail,8/12/2016,2016,8,Fri,34.64,35,35.13,210665,-9714,-4.61,36.23,-1.6,-,-,-,-,-
Daily Detail,8/13/2016,2016,8,Sat,34.26,34,35.13,266271,-15387,-5.78,36.24,-1.98,-,-,-,-,-
Daily Detail,8/14/2016,2016,8,Sun,34.42,34,35.13,123084,-6518,-5.3,36.24,-1.82,-,-,-,-,-
Daily Detail,8/15/2016,2016,8,Mon,35,35,35.13,162728,-5852,-3.6,36.26,-1.26,-,-,-,-,-
Daily Detail,8/16/2016,2016,8,Tue,34.74,35,35.13,114709,-5049,-4.4,36.27,-1.53,-,-,-,-,-
Daily Detail,8/17/2016,2016,8,Wed,34.59,35,35.13,122319,-5979,-4.89,36.28,-1.69,-,-,-,-,-
Daily Detail,8/18/2016,2016,8,Thu,34.61,35,35.13,112010,-5364,-4.79,36.27,-1.66,-,-,-,-,-
Daily Detail,8/19/2016,2016,8,Fri,34.59,35,35.13,229861,-11229,-4.89,36.28,-1.69,-,-,-,-,-
Daily Detail,8/20/2016,2016,8,Sat,34.62,35,35.13,249981,-12164,-4.87,36.31,-1.68,-,-,-,-,-
Daily Detail,8/21/2016,2016,8,Sun,34.48,34,35.13,136480,-7254,-5.32,36.31,-1.83,-,-,-,-,-
Daily Detail,8/22/2016,2016,8,Mon,34.69,35,35.13,127370,-5980,-4.69,36.32,-1.63,-,-,-,-,-
Daily Detail,8/23/2016,2016,8,Tue,42.07,42,35.13,43538,5889,13.53,36.38,5.69,-,-,-,-,-
Daily Detail,8/24/2016,2016,8,Wed,33.93,34,35.13,120407,-7292,-6.06,35.98,-2.05,-,-,-,-,-
Daily Detail,8/25/2016,2016,8,Thu,34.06,34,35.13,226376,-14054,-6.21,36.17,-2.11,-,-,-,-,-
Daily Detail,8/26/2016,2016,8,Fri,34.1,34,35.13,337900,-20872,-6.18,36.21,-2.11,-,-,-,-,-
Daily Detail,8/27/2016,2016,8,Sat,34.16,34,35.13,355070,-21686,-6.11,36.25,-2.09,-,-,-,-,-
Daily Detail,8/28/2016,2016,8,Sun,34.15,34,35.13,153894,-9507,-6.18,36.25,-2.11,-,-,-,-,-
Daily Detail,8/29/2016,2016,8,Mon,34.17,34,35.13,159626,-9853,-6.17,36.28,-2.11,-,-,-,-,-
Daily Detail,8/30/2016,2016,8,Tue,34.14,34,35.13,133962,-8338,-6.22,36.26,-2.12,-,-,-,-,-
Daily Detail,8/31/2016,2016,8,Wed,34.16,34,35.13,236305,-14267,-6.04,36.22,-2.06,-,-,-,-,-
Daily Detail,9/1/2016,2016,9,Thu,34.14,34,36.76,313492,-19539,-6.23,36.27,-2.13,-,-,-,-,-
Daily Detail,9/2/2016,2016,9,Fri,34.2,34,36.76,370355,-22138,-5.98,36.24,-2.04,-,-,-,-,-
Daily Detail,9/3/2016,2016,9,Sat,34.18,34,36.76,369091,-22752,-6.16,36.28,-2.11,-,-,-,-,-
Daily Detail,9/4/2016,2016,9,Sun,34.16,34,36.76,209026,-13138,-6.29,36.31,-2.15,-,-,-,-,-
Daily Detail,9/5/2016,2016,9,Mon,34.13,34,36.76,228177,-14413,-6.32,36.29,-2.16,-,-,-,-,-
Daily Detail,9/6/2016,2016,9,Tue,34.19,34,36.76,154495,-9614,-6.22,36.32,-2.13,-,-,-,-,-
Daily Detail,9/7/2016,2016,9,Wed,42.07,42,36.76,50736,6906,13.61,36.34,5.73,-,-,-,-,-
Daily Detail,9/8/2016,2016,9,Thu,42.07,42,36.76,43292,5900,13.63,36.34,5.73,-,-,-,-,-
Daily Detail,9/9/2016,2016,9,Fri,40.34,40,36.76,77336,7724,9.99,36.31,4.03,-,-,-,-,-
Daily Detail,9/10/2016,2016,9,Sat,40.36,40,36.76,85070,8478,9.97,36.33,4.02,-,-,-,-,-
Daily Detail,9/11/2016,2016,9,Sun,40.32,40,36.76,48832,4818,9.87,36.35,3.98,-,-,-,-,-
Daily Detail,9/12/2016,2016,9,Mon,40.34,40,36.76,52075,5191,9.97,36.32,4.02,-,-,-,-,-
Daily Detail,9/13/2016,2016,9,Tue,40.3,40,36.76,30425,3026,9.95,36.29,4.01,-,-,-,-,-
Daily Detail,9/14/2016,2016,9,Wed,40.34,40,36.76,20495,2120,10.34,36.17,4.17,-,-,-,-,-
Daily Detail,9/15/2016,2016,9,Thu,40.34,40,36.76,40742,4277,10.5,36.1,4.23,-,-,-,-,-
Daily Detail,9/16/2016,2016,9,Fri,40.31,40,36.76,69865,7320,10.48,36.09,4.22,-,-,-,-,-
Daily Detail,9/17/2016,2016,9,Sat,40.34,40,36.76,100121,10549,10.54,36.09,4.25,-,-,-,-,-
Daily Detail,9/18/2016,2016,9,Sun,40.34,40,36.76,49825,5231,10.5,36.11,4.24,-,-,-,-,-
Daily Detail,9/19/2016,2016,9,Mon,40.32,40,36.76,46566,4906,10.54,36.07,4.25,-,-,-,-,-
Daily Detail,9/20/2016,2016,9,Tue,40.34,40,36.76,37924,3893,10.27,36.2,4.14,-,-,-,-,-
